window,h,true,lstm,last_sinr
0,1,7.240207,7.378347,7.1865463
0,2,8.737161,7.36384,7.1865463
0,3,6.5537634,7.387365,7.1865463
1,1,8.737161,7.3724947,7.240207
1,2,6.5537634,7.361042,7.240207
1,3,4.321047,7.3876743,7.240207
2,1,6.5537634,7.345582,8.737161
2,2,4.321047,7.3421674,8.737161
2,3,6.1979494,7.3853664,8.737161
3,1,4.321047,7.3689437,6.5537634
3,2,6.1979494,7.3580375,6.5537634
3,3,8.425387,7.37599,6.5537634
4,1,6.1979494,7.4175553,4.321047
4,2,8.425387,7.385339,4.321047
4,3,5.73828,7.377427,4.321047
5,1,8.425387,7.396184,6.1979494
5,2,5.73828,7.372904,6.1979494
5,3,6.403908,7.396067,6.1979494
6,1,5.73828,7.3546424,8.425387
6,2,6.403908,7.354612,8.425387
6,3,8.624588,7.400333,8.425387
7,1,6.403908,7.388,5.73828
7,2,8.624588,7.376297,5.73828
7,3,6.9389524,7.390072,5.73828
8,1,8.624588,7.3888845,6.403908
8,2,6.9389524,7.3753467,6.403908
8,3,7.371309,7.3943825,6.403908
9,1,6.9389524,7.354734,8.624588
9,2,7.371309,7.3564577,8.624588
9,3,8.800191,7.3963637,8.624588
10,1,7.371309,7.3717856,6.9389524
10,2,8.800191,7.365582,6.9389524
10,3,0.26303503,7.385842,6.9389524
11,1,8.800191,7.3706756,7.371309
11,2,0.26303503,7.3616133,7.371309
11,3,7.9176416,7.384797,7.371309
12,1,0.26303503,7.346366,8.800191
12,2,7.9176416,7.339329,8.800191
12,3,10.287617,7.3812146,8.800191
13,1,7.9176416,7.463432,0.26303503
13,2,10.287617,7.4194107,0.26303503
13,3,7.7977314,7.3675323,0.26303503
14,1,10.287617,7.379098,7.9176416
14,2,7.7977314,7.367941,7.9176416
14,3,6.6123796,7.404978,7.9176416
15,1,7.7977314,7.3233037,10.287617
15,2,6.6123796,7.340962,10.287617
15,3,6.9413238,7.397539,10.287617
16,1,6.6123796,7.3452144,7.7977314
16,2,6.9413238,7.3462114,7.7977314
16,3,8.666145,7.3753405,7.7977314
17,1,6.9413238,7.369202,6.6123796
17,2,8.666145,7.356581,6.6123796
17,3,5.895788,7.3686037,6.6123796
18,1,8.666145,7.370754,6.9413238
18,2,5.895788,7.3535795,6.9413238
18,3,5.269019,7.3735867,6.9413238
19,1,5.895788,7.340807,8.666145
19,2,5.269019,7.326834,8.666145
19,3,6.760107,7.375009,8.666145
20,1,5.269019,7.3701224,5.895788
20,2,6.760107,7.3520517,5.895788
20,3,8.359557,7.3691936,5.895788
21,1,6.760107,7.396321,5.269019
21,2,8.359557,7.3677287,5.269019
21,3,7.667379,7.3775024,5.269019
22,1,8.359557,7.376704,6.760107
22,2,7.667379,7.359789,6.760107
22,3,8.980739,7.3921485,6.760107
23,1,7.667379,7.3448567,8.359557
23,2,8.980739,7.3477817,8.359557
23,3,5.5354304,7.3941445,8.359557
24,1,8.980739,7.3489933,7.667379
24,2,5.5354304,7.351602,7.667379
24,3,5.109353,7.3849387,7.667379
25,1,5.5354304,7.333256,8.980739
25,2,5.109353,7.3308034,8.980739
25,3,5.652489,7.375894,8.980739
26,1,5.109353,7.378908,5.5354304
26,2,5.652489,7.3638263,5.5354304
26,3,8.757663,7.3667216,5.5354304
27,1,5.652489,7.4070945,5.109353
27,2,8.757663,7.376863,5.109353
27,3,7.6897645,7.376985,5.109353
28,1,8.757663,7.4004354,5.652489
28,2,7.6897645,7.3740215,5.652489
28,3,6.2775574,7.3929677,5.652489
29,1,7.6897645,7.344338,8.757663
29,2,6.2775574,7.348718,8.757663
29,3,7.2903924,7.3990407,8.757663
30,1,6.2775574,7.350706,7.6897645
30,2,7.2903924,7.355041,7.6897645
30,3,6.9406424,7.388547,7.6897645
31,1,7.2903924,7.381081,6.2775574
31,2,6.9406424,7.3701334,6.2775574
31,3,7.6349497,7.382619,6.2775574
32,1,6.9406424,7.3741517,7.2903924
32,2,7.6349497,7.3634458,7.2903924
32,3,6.2165794,7.386956,7.2903924
33,1,7.6349497,7.3771796,6.9406424
33,2,6.2165794,7.3645887,6.9406424
33,3,1.6952134,7.386491,6.9406424
34,1,6.2165794,7.36544,7.6349497
34,2,1.6952134,7.3573947,7.6349497
34,3,9.031876,7.3874063,7.6349497
35,1,1.6952134,7.3861647,6.2165794
35,2,9.031876,7.36925,6.2165794
35,3,8.671584,7.3838773,6.2165794
36,1,9.031876,7.4483824,1.6952134
36,2,8.671584,7.406432,1.6952134
36,3,6.1415167,7.3886642,1.6952134
37,1,8.671584,7.3575926,9.031876
37,2,6.1415167,7.358004,9.031876
37,3,7.8866496,7.409991,9.031876
38,1,6.1415167,7.340738,8.671584
38,2,7.8866496,7.3532095,8.671584
38,3,7.7819176,7.3967013,8.671584
39,1,7.8866496,7.380666,6.1415167
39,2,7.7819176,7.3736534,6.1415167
39,3,7.5748925,7.383306,6.1415167
40,1,7.7819176,7.366018,7.8866496
40,2,7.5748925,7.3601637,7.8866496
40,3,7.796405,7.386772,7.8866496
41,1,7.5748925,7.3603764,7.7819176
41,2,7.796405,7.353173,7.7819176
41,3,10.502633,7.382652,7.7819176
42,1,7.796405,7.359957,7.5748925
42,2,10.502633,7.3476753,7.5748925
42,3,7.878216,7.3773804,7.5748925
43,1,10.502633,7.3531013,7.796405
43,2,7.878216,7.337588,7.796405
43,3,8.290338,7.373297,7.796405
44,1,7.878216,7.297707,10.502633
44,2,8.290338,7.289882,10.502633
44,3,5.8228965,7.3618307,10.502633
45,1,8.290338,7.2987337,7.878216
45,2,5.8228965,7.2681355,7.878216
45,3,3.779205,7.3304687,7.878216
46,1,5.8228965,7.274042,8.290338
46,2,3.779205,7.2397747,8.290338
46,3,6.813749,7.3026423,8.290338
47,1,3.779205,7.2960916,5.8228965
47,2,6.813749,7.2537637,5.8228965
47,3,6.9407887,7.2876167,5.8228965
48,1,6.813749,7.3371863,3.779205
48,2,6.9407887,7.2976313,3.779205
48,3,4.898395,7.330909,3.779205
49,1,6.9407887,7.3129544,6.813749
49,2,4.898395,7.29553,6.813749
49,3,8.081932,7.3660135,6.813749
50,1,4.898395,7.304757,6.9407887
50,2,8.081932,7.308869,6.9407887
50,3,9.635776,7.380868,6.9407887
51,1,8.081932,7.3524294,4.898395
51,2,9.635776,7.3484855,4.898395
51,3,7.8842783,7.3825254,4.898395
52,1,9.635776,7.3074474,8.081932
52,2,7.8842783,7.3288846,8.081932
52,3,4.1600437,7.3897953,8.081932
53,1,7.8842783,7.3044853,9.635776
53,2,4.1600437,7.3246646,9.635776
53,3,7.6180816,7.382064,9.635776
54,1,4.1600437,7.331714,7.8842783
54,2,7.6180816,7.333238,7.8842783
54,3,8.185645,7.3659043,7.8842783
55,1,7.6180816,7.4021654,4.1600437
55,2,8.185645,7.3807464,4.1600437
55,3,7.8309665,7.3611393,4.1600437
56,1,8.185645,7.371805,7.6180816
56,2,7.8309665,7.358467,7.6180816
56,3,7.174304,7.3848734,7.6180816
57,1,7.8309665,7.3496633,8.185645
57,2,7.174304,7.34799,8.185645
57,3,5.1210203,7.3866944,8.185645
58,1,7.174304,7.349627,7.8309665
58,2,5.1210203,7.34458,7.8309665
58,3,7.253433,7.3791404,7.8309665
59,1,5.1210203,7.3590913,7.174304
59,2,7.253433,7.3483186,7.174304
59,3,7.2701397,7.3745003,7.174304
60,1,7.253433,7.399104,5.1210203
60,2,7.2701397,7.3728123,5.1210203
60,3,8.408089,7.3749804,5.1210203
61,1,7.2701397,7.3744316,7.253433
61,2,8.408089,7.359073,7.253433
61,3,-1.9378442,7.389702,7.253433
62,1,8.408089,7.365894,7.2701397
62,2,-1.9378442,7.3579693,7.2701397
62,3,8.545808,7.390319,7.2701397
63,1,-1.9378442,7.3452153,8.408089
63,2,8.545808,7.346758,8.408089
63,3,7.8702836,7.3876734,8.408089
64,1,8.545808,7.4707494,-1.9378442
64,2,7.8702836,7.4286895,-1.9378442
64,3,7.464988,7.375988,-1.9378442
65,1,7.8702836,7.363136,8.545808
65,2,7.464988,7.3647103,8.545808
65,3,3.7827961,7.4117546,8.545808
66,1,7.464988,7.353878,7.8702836
66,2,3.7827961,7.3638234,7.8702836
66,3,7.741993,7.4004936,7.8702836
67,1,3.7827961,7.36104,7.464988
67,2,7.741993,7.3655586,7.464988
67,3,5.827923,7.3909044,7.464988
68,1,7.741993,7.4236727,3.7827961
68,2,5.827923,7.398243,3.7827961
68,3,8.776787,7.384759,3.7827961
69,1,5.827923,7.381091,7.741993
69,2,8.776787,7.3701315,7.741993
69,3,8.450462,7.401454,7.741993
70,1,8.776787,7.397601,5.827923
70,2,8.450462,7.3805842,5.827923
70,3,1.637403,7.396639,5.827923
71,1,8.450462,7.356877,8.776787
71,2,1.637403,7.3576517,8.776787
71,3,7.3017974,7.399378,8.776787
72,1,1.637403,7.3491764,8.450462
72,2,7.3017974,7.348889,8.450462
72,3,6.5368342,7.386874,8.450462
73,1,7.3017974,7.451159,1.637403
73,2,6.5368342,7.412952,1.637403
73,3,6.0026317,7.3731203,1.637403
74,1,6.5368342,7.3911023,7.3017974
74,2,6.0026317,7.373871,7.3017974
74,3,8.6358595,7.4030237,7.3017974
75,1,6.0026317,7.38618,6.5368342
75,2,8.6358595,7.374464,6.5368342
75,3,9.04294,7.4010434,6.5368342
76,1,8.6358595,7.393137,6.0026317
76,2,9.04294,7.379012,6.0026317
76,3,4.324559,7.39955,6.0026317
77,1,9.04294,7.356975,8.6358595
77,2,4.324559,7.358955,8.6358595
77,3,0.8908818,7.4007864,8.6358595
78,1,4.324559,7.3407373,9.04294
78,2,0.8908818,7.3433824,9.04294
78,3,6.4489293,7.3875465,9.04294
79,1,0.8908818,7.411406,4.324559
79,2,6.4489293,7.3872313,4.324559
79,3,6.3062506,7.373151,4.324559
80,1,6.4489293,7.4627695,0.8908818
80,2,6.3062506,7.413708,0.8908818
80,3,8.916717,7.388206,0.8908818
81,1,6.3062506,7.393568,6.4489293
81,2,8.916717,7.373161,6.4489293
81,3,7.6686406,7.4150963,6.4489293
82,1,8.916717,7.3803654,6.3062506
82,2,7.6686406,7.3713946,6.3062506
82,3,8.620012,7.411622,6.3062506
83,1,7.6686406,7.3437223,8.916717
83,2,8.620012,7.353966,8.916717
83,3,9.087447,7.4064693,8.916717
84,1,8.620012,7.355256,7.6686406
84,2,9.087447,7.359111,7.6686406
84,3,5.410734,7.39133,7.6686406
85,1,9.087447,7.3463597,8.620012
85,2,5.410734,7.3422356,8.620012
85,3,7.0920253,7.3815985,8.620012
86,1,5.410734,7.3285575,9.087447
86,2,7.0920253,7.3122106,9.087447
86,3,6.165943,7.365975,9.087447
87,1,7.0920253,7.371051,5.410734
87,2,6.165943,7.34218,5.410734
87,3,5.3461514,7.3532495,5.410734
88,1,6.165943,7.3584247,7.0920253
88,2,5.3461514,7.332043,7.0920253
88,3,5.7836113,7.366673,7.0920253
89,1,5.3461514,7.368479,6.165943
89,2,5.7836113,7.3440394,6.165943
89,3,8.346408,7.373516,6.165943
90,1,5.7836113,7.387208,5.3461514
90,2,8.346408,7.3603206,5.3461514
90,3,7.9556828,7.3825693,5.3461514
91,1,8.346408,7.383202,5.7836113
91,2,7.9556828,7.364027,5.7836113
91,3,4.9001007,7.3946576,5.7836113
92,1,7.9556828,7.344377,8.346408
92,2,4.9001007,7.349398,8.346408
92,3,8.128291,7.3997946,8.346408
93,1,4.9001007,7.343062,7.9556828
93,2,8.128291,7.3518596,7.9556828
93,3,6.635829,7.3898964,7.9556828
94,1,8.128291,7.398656,4.9001007
94,2,6.635829,7.3829346,4.9001007
94,3,9.4135895,7.3812146,4.9001007
95,1,6.635829,7.3648877,8.128291
95,2,9.4135895,7.361128,8.128291
95,3,8.023031,7.3931017,8.128291
96,1,9.4135895,7.378915,6.635829
96,2,8.023031,7.369563,6.635829
96,3,8.457768,7.387426,6.635829
97,1,8.023031,7.339053,9.4135895
97,2,8.457768,7.341308,9.4135895
97,3,10.096968,7.3867054,9.4135895
98,1,8.457768,7.3446136,8.023031
98,2,10.096968,7.3357196,8.023031
98,3,9.406612,7.370374,8.023031
99,1,10.096968,7.3336973,8.457768
99,2,9.406612,7.313852,8.457768
99,3,7.722819,7.3603153,8.457768
100,1,9.406612,7.281017,10.096968
100,2,7.722819,7.265091,10.096968
100,3,7.486125,7.341976,10.096968
101,1,7.722819,7.26609,9.406612
101,2,7.486125,7.2351446,9.406612
101,3,7.3103976,7.299346,9.406612
102,1,7.486125,7.2762046,7.722819
102,2,7.3103976,7.2413354,7.722819
102,3,5.0060854,7.230295,7.722819
103,1,7.3103976,7.2610745,7.486125
103,2,5.0060854,7.2494874,7.486125
103,3,8.981854,7.17363,7.486125
104,1,5.0060854,7.243424,7.3103976
104,2,8.981854,7.2482843,7.3103976
104,3,7.901076,7.161417,7.3103976
105,1,8.981854,7.2402015,5.0060854
105,2,7.901076,7.253571,5.0060854
105,3,6.181252,7.1845717,5.0060854
106,1,7.901076,7.218944,8.981854
106,2,6.181252,7.228657,8.981854
106,3,8.729381,7.2071357,8.981854
107,1,6.181252,7.224144,7.901076
107,2,8.729381,7.223707,7.901076
107,3,7.043812,7.211502,7.901076
108,1,8.729381,7.238855,6.181252
108,2,7.043812,7.2309995,6.181252
108,3,9.368897,7.230183,6.181252
109,1,7.043812,7.234832,8.729381
109,2,9.368897,7.217412,8.729381
109,3,6.730286,7.2379694,8.729381
110,1,9.368897,7.241853,7.043812
110,2,6.730286,7.2239656,7.043812
110,3,7.366226,7.23502,7.043812
111,1,6.730286,7.2383633,9.368897
111,2,7.366226,7.218564,9.368897
111,3,6.3217106,7.2395606,9.368897
112,1,7.366226,7.2502503,6.730286
112,2,6.3217106,7.2306886,6.730286
112,3,6.3760147,7.218442,6.730286
113,1,6.3217106,7.259395,7.366226
113,2,6.3760147,7.2330127,7.366226
113,3,8.118594,7.247074,7.366226
114,1,6.3760147,7.263559,6.3217106
114,2,8.118594,7.244529,6.3217106
114,3,6.1242495,7.276716,6.3217106
115,1,8.118594,7.3045254,6.3760147
115,2,6.1242495,7.288473,6.3760147
115,3,5.934799,7.348887,6.3760147
116,1,6.1242495,7.3268948,8.118594
116,2,5.934799,7.3238206,8.118594
116,3,4.9867578,7.379018,8.118594
117,1,5.934799,7.361225,6.1242495
117,2,4.9867578,7.3528605,6.1242495
117,3,8.678409,7.377581,6.1242495
118,1,4.9867578,7.3787155,5.934799
118,2,8.678409,7.3646812,5.934799
118,3,8.425645,7.383984,5.934799
119,1,8.678409,7.397754,4.9867578
119,2,8.425645,7.3775716,4.9867578
119,3,8.210738,7.391488,4.9867578
120,1,8.425645,7.34768,8.678409
120,2,8.210738,7.3532457,8.678409
120,3,6.762627,7.400836,8.678409
121,1,8.210738,7.3376193,8.425645
121,2,6.762627,7.3482466,8.425645
121,3,9.145065,7.3881984,8.425645
122,1,6.762627,7.3450904,8.210738
122,2,9.145065,7.34339,8.210738
122,3,5.1721325,7.3769507,8.210738
123,1,9.145065,7.366584,6.762627
123,2,5.1721325,7.353212,6.762627
123,3,6.647119,7.3699884,6.762627
124,1,5.1721325,7.332789,9.145065
124,2,6.647119,7.317748,9.145065
124,3,8.0387,7.3684726,9.145065
125,1,6.647119,7.378565,5.1721325
125,2,8.0387,7.35579,5.1721325
125,3,7.5790157,7.3613453,5.1721325
126,1,8.0387,7.3741846,6.647119
126,2,7.5790157,7.3512535,6.647119
126,3,7.361959,7.376119,6.647119
127,1,7.5790157,7.3451104,8.0387
127,2,7.361959,7.337844,8.0387
127,3,7.657697,7.3840327,8.0387
128,1,7.361959,7.344837,7.5790157
128,2,7.657697,7.33904,7.5790157
128,3,5.8617516,7.3787103,7.5790157
129,1,7.657697,7.349231,7.361959
129,2,5.8617516,7.3419065,7.361959
129,3,7.0707045,7.375463,7.361959
130,1,5.8617516,7.3467493,7.657697
130,2,7.0707045,7.338189,7.657697
130,3,7.121674,7.3739734,7.657697
131,1,7.0707045,7.3765864,5.8617516
131,2,7.121674,7.3599424,5.8617516
131,3,7.8926296,7.3732367,5.8617516
132,1,7.121674,7.3674903,7.0707045
132,2,7.8926296,7.3548594,7.0707045
132,3,7.7423587,7.383358,7.0707045
133,1,7.8926296,7.363755,7.121674
133,2,7.7423587,7.3554025,7.121674
133,3,6.95175,7.3857236,7.121674
134,1,7.7423587,7.3491955,7.8926296
134,2,6.95175,7.3489013,7.8926296
134,3,8.36185,7.385644,7.8926296
135,1,6.95175,7.3460555,7.7423587
135,2,8.36185,7.3438187,7.7423587
135,3,4.743676,7.377989,7.7423587
136,1,8.36185,7.362551,6.95175
136,2,4.743676,7.3543363,6.95175
136,3,7.7873693,7.3766794,6.95175
137,1,4.743676,7.345905,8.36185
137,2,7.7873693,7.336977,8.36185
137,3,5.3426237,7.3767705,8.36185
138,1,7.7873693,7.3998523,4.743676
138,2,5.3426237,7.374518,4.743676
138,3,9.475699,7.3714085,4.743676
139,1,5.3426237,7.365612,7.7873693
139,2,9.475699,7.3543434,7.7873693
139,3,8.434783,7.3879642,7.7873693
140,1,9.475699,7.3957834,5.3426237
140,2,8.434783,7.3751583,5.3426237
140,3,6.6985283,7.3859286,5.3426237
141,1,8.434783,7.336549,9.475699
141,2,6.6985283,7.344212,9.475699
141,3,4.603278,7.3943295,9.475699
142,1,6.6985283,7.3379655,8.434783
142,2,4.603278,7.3379908,8.434783
142,3,8.726952,7.377393,8.434783
143,1,4.603278,7.3634524,6.6985283
143,2,8.726952,7.3517237,6.6985283
143,3,8.805511,7.368342,6.6985283
144,1,8.726952,7.410979,4.603278
144,2,8.805511,7.3800817,4.603278
144,3,7.341608,7.3714113,4.603278
145,1,8.805511,7.3537154,8.726952
145,2,7.341608,7.3477573,8.726952
145,3,8.753367,7.390822,8.726952
146,1,7.341608,7.3347554,8.805511
146,2,8.753367,7.3332696,8.805511
146,3,6.566896,7.380751,8.805511
147,1,8.753367,7.3490753,7.341608
147,2,6.566896,7.3386207,7.341608
147,3,10.0814705,7.3683295,7.341608
148,1,6.566896,7.3281703,8.753367
148,2,10.0814705,7.312755,8.753367
148,3,9.076409,7.362758,8.753367
149,1,10.0814705,7.348875,6.566896
149,2,9.076409,7.3251014,6.566896
149,3,8.939974,7.354137,6.566896
150,1,9.076409,7.2901855,10.0814705
150,2,8.939974,7.2741776,10.0814705
150,3,7.4016438,7.3529267,10.0814705
151,1,8.939974,7.2602477,9.076409
151,2,7.4016438,7.243249,9.076409
151,3,5.520136,7.3203354,9.076409
152,1,7.4016438,7.269163,8.939974
152,2,5.520136,7.2340407,8.939974
152,3,8.868546,7.278853,8.939974
153,1,5.520136,7.272562,7.4016438
153,2,8.868546,7.2407327,7.4016438
153,3,7.2392836,7.2200556,7.4016438
154,1,8.868546,7.2662697,5.520136
154,2,7.2392836,7.2562,5.520136
154,3,8.540664,7.2013845,5.520136
155,1,7.2392836,7.2404003,8.868546
155,2,8.540664,7.236589,8.868546
155,3,4.4268336,7.2054853,8.868546
156,1,8.540664,7.23622,7.2392836
156,2,4.4268336,7.2346373,7.2392836
156,3,8.488416,7.201409,7.2392836
157,1,4.4268336,7.234253,8.540664
157,2,8.488416,7.2296877,8.540664
157,3,8.020643,7.2081237,8.540664
158,1,8.488416,7.254555,4.4268336
158,2,8.020643,7.2457356,4.4268336
158,3,7.6218038,7.238228,4.4268336
159,1,8.020643,7.2360425,8.488416
159,2,7.6218038,7.2240124,8.488416
159,3,8.929766,7.257132,8.488416
160,1,7.6218038,7.236187,8.020643
160,2,8.929766,7.2173305,8.020643
160,3,6.998635,7.248962,8.020643
161,1,8.929766,7.2448854,7.6218038
161,2,6.998635,7.223298,7.6218038
161,3,7.9232116,7.2682376,7.6218038
162,1,6.998635,7.245602,8.929766
162,2,7.9232116,7.2204204,8.929766
162,3,8.856124,7.287865,8.929766
163,1,7.9232116,7.2610703,6.998635
163,2,8.856124,7.231877,6.998635
163,3,7.2139645,7.27266,6.998635
164,1,8.856124,7.2611313,7.9232116
164,2,7.2139645,7.233419,7.9232116
164,3,8.9299135,7.302282,7.9232116
165,1,7.2139645,7.2547283,8.856124
165,2,8.9299135,7.226607,8.856124
165,3,7.016377,7.2778373,8.856124
166,1,8.9299135,7.285268,7.2139645
166,2,7.016377,7.2558885,7.2139645
166,3,9.693118,7.3243613,7.2139645
167,1,7.016377,7.2648053,8.9299135
167,2,9.693118,7.237459,8.9299135
167,3,3.276025,7.3189077,8.9299135
168,1,9.693118,7.277136,7.016377
168,2,3.276025,7.241691,7.016377
168,3,7.306158,7.301826,7.016377
169,1,3.276025,7.2547836,9.693118
169,2,7.306158,7.2296915,9.693118
169,3,7.0662446,7.28384,9.693118
170,1,7.306158,7.303007,3.276025
170,2,7.0662446,7.26582,3.276025
170,3,8.442441,7.281283,3.276025
171,1,7.0662446,7.286317,7.306158
171,2,8.442441,7.259029,7.306158
171,3,9.683956,7.3289347,7.306158
172,1,8.442441,7.2843866,7.0662446
172,2,9.683956,7.272767,7.0662446
172,3,8.863918,7.344936,7.0662446
173,1,9.683956,7.272001,8.442441
173,2,8.863918,7.272618,8.442441
173,3,5.986304,7.35467,8.442441
174,1,8.863918,7.2336164,9.683956
174,2,5.986304,7.230488,9.683956
174,3,6.3694043,7.32365,9.683956
175,1,5.986304,7.25078,8.863918
175,2,6.3694043,7.2357473,8.863918
175,3,1.877527,7.3164206,8.863918
176,1,6.3694043,7.291998,5.986304
176,2,1.877527,7.264044,5.986304
176,3,8.915708,7.3047047,5.986304
177,1,1.877527,7.3056684,6.3694043
177,2,8.915708,7.2737017,6.3694043
177,3,7.516639,7.329011,6.3694043
178,1,8.915708,7.412639,1.877527
178,2,7.516639,7.367022,1.877527
178,3,5.433894,7.3541274,1.877527
179,1,7.516639,7.320785,8.915708
179,2,5.433894,7.3246675,8.915708
179,3,7.3266816,7.395624,8.915708
180,1,5.433894,7.3301578,7.516639
180,2,7.3266816,7.3426423,7.516639
180,3,7.4506645,7.388499,7.516639
181,1,7.3266816,7.378515,5.433894
181,2,7.4506645,7.372567,5.433894
181,3,8.210461,7.384122,5.433894
182,1,7.4506645,7.3656206,7.3266816
182,2,8.210461,7.3640823,7.3266816
182,3,6.228024,7.3922524,7.3266816
183,1,8.210461,7.363855,7.4506645
183,2,6.228024,7.3629317,7.4506645
183,3,-1.0106629,7.3909187,7.4506645
184,1,6.228024,7.351065,8.210461
184,2,-1.0106629,7.3539205,8.210461
184,3,9.4266205,7.387535,8.210461
185,1,-1.0106629,7.3825073,6.228024
185,2,9.4266205,7.3694377,6.228024
185,3,7.3114514,7.3799357,6.228024
186,1,9.4266205,7.4714236,-1.0106629
186,2,7.3114514,7.423403,-1.0106629
186,3,2.422755,7.382648,-1.0106629
187,1,7.3114514,7.3545837,9.4266205
187,2,2.422755,7.358204,9.4266205
187,3,6.0575686,7.4134746,9.4266205
188,1,2.422755,7.361193,7.3114514
188,2,6.0575686,7.366742,7.3114514
188,3,8.77807,7.3983865,7.3114514
189,1,6.0575686,7.4323254,2.422755
189,2,8.77807,7.4060893,2.422755
189,3,7.3811197,7.391981,2.422755
190,1,8.77807,7.397664,6.0575686
190,2,7.3811197,7.3813105,6.0575686
190,3,7.3209968,7.4092164,6.0575686
191,1,7.3811197,7.354038,8.77807
191,2,7.3209968,7.3592844,8.77807
191,3,7.869026,7.4083323,8.77807
192,1,7.3209968,7.365079,7.3811197
192,2,7.869026,7.3649726,7.3811197
192,3,7.3880267,7.3946257,7.3811197
193,1,7.869026,7.3714333,7.3209968
193,2,7.3880267,7.364238,7.3209968
193,3,5.0319986,7.388485,7.3209968
194,1,7.3880267,7.3622003,7.869026
194,2,5.0319986,7.354764,7.869026
194,3,6.8329043,7.385326,7.869026
195,1,5.0319986,7.3648343,7.3880267
195,2,6.8329043,7.3514614,7.3880267
195,3,6.712947,7.3797865,7.3880267
196,1,6.8329043,7.406148,5.0319986
196,2,6.712947,7.375697,5.0319986
196,3,7.542017,7.376966,5.0319986
197,1,6.712947,7.3866625,6.8329043
197,2,7.542017,7.364545,6.8329043
197,3,6.1814632,7.3912077,6.8329043
198,1,7.542017,7.380638,6.712947
198,2,6.1814632,7.3650513,6.712947
198,3,5.836874,7.393771,6.712947
199,1,6.1814632,7.365712,7.542017
199,2,5.836874,7.359552,7.542017
199,3,7.8296933,7.3942475,7.542017
200,1,5.836874,7.3853045,6.1814632
200,2,7.8296933,7.3721147,6.1814632
200,3,7.852212,7.38952,6.1814632
201,1,7.8296933,7.396855,5.836874
201,2,7.852212,7.3782244,5.836874
201,3,7.756124,7.392603,5.836874
202,1,7.852212,7.3693595,7.8296933
202,2,7.756124,7.363522,7.8296933
202,3,10.232577,7.3979387,7.8296933
203,1,7.756124,7.3608723,7.852212
203,2,10.232577,7.3594327,7.852212
203,3,6.556177,7.392131,7.852212
204,1,10.232577,7.359198,7.756124
204,2,6.556177,7.3563547,7.756124
204,3,6.5378366,7.385533,7.756124
205,1,6.556177,7.31974,10.232577
205,2,6.5378366,7.314582,10.232577
205,3,8.6339,7.373202,10.232577
206,1,6.5378366,7.3509064,6.556177
206,2,8.6339,7.327586,6.556177
206,3,8.045665,7.352234,6.556177
207,1,8.6339,7.360025,6.5378366
207,2,8.045665,7.331114,6.5378366
207,3,4.403448,7.355845,6.5378366
208,1,8.045665,7.3232775,8.6339
208,2,4.403448,7.2992887,8.6339
208,3,9.183163,7.361672,8.6339
209,1,4.403448,7.309906,8.045665
209,2,9.183163,7.2852197,8.045665
209,3,6.921706,7.3523912,8.045665
210,1,9.183163,7.36538,4.403448
210,2,6.921706,7.3408113,4.403448
210,3,6.7897744,7.3523774,4.403448
211,1,6.921706,7.3108187,9.183163
211,2,6.7897744,7.302914,9.183163
211,3,9.238175,7.372049,9.183163
212,1,6.7897744,7.3296156,6.921706
212,2,9.238175,7.321826,6.921706
212,3,8.606221,7.3647714,6.921706
213,1,9.238175,7.341513,6.7897744
213,2,8.606221,7.334278,6.7897744
213,3,7.7499366,7.3685374,6.7897744
214,1,8.606221,7.3093166,9.238175
214,2,7.7499366,7.3066564,9.238175
214,3,6.667223,7.3688354,9.238175
215,1,7.7499366,7.303178,8.606221
215,2,6.667223,7.292466,8.606221
215,3,7.6541915,7.353553,8.606221
216,1,6.667223,7.3030853,7.7499366
216,2,7.6541915,7.2807727,7.7499366
216,3,7.6900287,7.3394327,7.7499366
217,1,7.6541915,7.306742,6.667223
217,2,7.6900287,7.277358,6.667223
217,3,9.1115055,7.3324003,6.667223
218,1,7.6900287,7.299824,7.6541915
218,2,9.1115055,7.272362,7.6541915
218,3,7.90816,7.3430567,7.6541915
219,1,9.1115055,7.2960534,7.6900287
219,2,7.90816,7.2718387,7.6900287
219,3,5.726975,7.3467393,7.6900287
220,1,7.90816,7.267025,9.1115055
220,2,5.726975,7.2481756,9.1115055
220,3,7.0069585,7.3419094,9.1115055
221,1,5.726975,7.273273,7.90816
221,2,7.0069585,7.2461686,7.90816
221,3,6.8469377,7.325567,7.90816
222,1,7.0069585,7.3034463,5.726975
222,2,6.8469377,7.2719107,5.726975
222,3,7.872826,7.3236637,5.726975
223,1,6.8469377,7.2970943,7.0069585
223,2,7.872826,7.2708454,7.0069585
223,3,5.603266,7.3393893,7.0069585
224,1,7.872826,7.302259,6.8469377
224,2,5.603266,7.287764,6.8469377
224,3,9.418947,7.3559465,6.8469377
225,1,5.603266,7.294749,7.872826
225,2,9.418947,7.289366,7.872826
225,3,11.002361,7.3628936,7.872826
226,1,9.418947,7.3155155,5.603266
226,2,11.002361,7.311982,5.603266
226,3,6.0531893,7.357577,5.603266
227,1,11.002361,7.3001037,9.418947
227,2,6.0531893,7.3063912,9.418947
227,3,8.668138,7.3740716,9.418947
228,1,6.0531893,7.2538176,11.002361
228,2,8.668138,7.271748,11.002361
228,3,6.8786654,7.3524494,11.002361
229,1,8.668138,7.3048773,6.0531893
229,2,6.8786654,7.283502,6.0531893
229,3,7.4845347,7.3228245,6.0531893
230,1,6.8786654,7.2937922,8.668138
230,2,7.4845347,7.264654,8.668138
230,3,6.778286,7.3311543,8.668138
231,1,7.4845347,7.302448,6.8786654
231,2,6.778286,7.2681637,6.8786654
231,3,4.333324,7.323258,6.8786654
232,1,6.778286,7.289234,7.4845347
232,2,4.333324,7.2545776,7.4845347
232,3,7.670092,7.3262444,7.4845347
233,1,4.333324,7.2915425,6.778286
233,2,7.670092,7.2576003,6.778286
233,3,7.9950204,7.3303504,6.778286
234,1,7.670092,7.3378696,4.333324
234,2,7.9950204,7.3146057,4.333324
234,3,6.719416,7.350653,4.333324
235,1,7.9950204,7.307884,7.670092
235,2,6.719416,7.3076067,7.670092
235,3,6.706921,7.3788915,7.670092
236,1,6.719416,7.3060637,7.9950204
236,2,6.706921,7.3147492,7.9950204
236,3,6.746254,7.378638,7.9950204
237,1,6.706921,7.333303,6.719416
237,2,6.746254,7.33931,6.719416
237,3,7.634355,7.3747497,6.719416
238,1,6.746254,7.348921,6.706921
238,2,7.634355,7.3498707,6.706921
238,3,7.0314426,7.377368,6.706921
239,1,7.634355,7.3596163,6.746254
239,2,7.0314426,7.3563714,6.746254
239,3,8.159506,7.381677,6.746254
240,1,7.0314426,7.3502917,7.634355
240,2,8.159506,7.3516936,7.634355
240,3,5.8048725,7.385041,7.634355
241,1,8.159506,7.363643,7.0314426
241,2,5.8048725,7.3593593,7.0314426
241,3,4.9064736,7.383371,7.0314426
242,1,5.8048725,7.343849,8.159506
242,2,4.9064736,7.3444643,8.159506
242,3,4.719968,7.3808026,8.159506
243,1,4.9064736,7.388409,5.8048725
243,2,4.719968,7.3710213,5.8048725
243,3,4.819668,7.378482,5.8048725
244,1,4.719968,7.4137383,4.9064736
244,2,4.819668,7.383779,4.9064736
244,3,4.787104,7.3865957,4.9064736
245,1,4.819668,7.414123,4.719968
245,2,4.787104,7.38448,4.719968
245,3,6.956314,7.4002957,4.719968
246,1,4.787104,7.4062734,4.819668
246,2,6.956314,7.381791,4.819668
246,3,5.8338995,7.411953,4.819668
247,1,6.956314,7.4014416,4.787104
247,2,5.8338995,7.3811464,4.787104
247,3,8.198138,7.4174924,4.787104
248,1,5.8338995,7.3731365,6.956314
248,2,8.198138,7.3684993,6.956314
248,3,8.337099,7.4145207,6.956314
249,1,8.198138,7.3868017,5.8338995
249,2,8.337099,7.3776617,5.8338995
249,3,8.100755,7.407033,5.8338995
250,1,8.337099,7.3605046,8.198138
250,2,8.100755,7.3626027,8.198138
250,3,5.740317,7.404868,8.198138
251,1,8.100755,7.352265,8.337099
251,2,5.740317,7.3561215,8.337099
251,3,6.810619,7.3946548,8.337099
252,1,5.740317,7.3537927,8.100755
252,2,6.810619,7.3480687,8.100755
252,3,9.638249,7.3825645,8.100755
253,1,6.810619,7.390931,5.740317
253,2,9.638249,7.3687987,5.740317
253,3,5.498369,7.3746066,5.740317
254,1,9.638249,7.3857727,6.810619
254,2,5.498369,7.362324,6.810619
254,3,8.573771,7.383504,6.810619
255,1,5.498369,7.3341103,9.638249
255,2,8.573771,7.3275423,9.638249
255,3,9.626194,7.3848133,9.638249
256,1,8.573771,7.379871,5.498369
256,2,9.626194,7.362396,5.498369
256,3,8.30959,7.371376,5.498369
257,1,9.626194,7.3462377,8.573771
257,2,8.30959,7.33677,8.573771
257,3,7.579081,7.37934,8.573771
258,1,8.30959,7.313663,9.626194
258,2,7.579081,7.3032207,9.626194
258,3,7.908097,7.366633,9.626194
259,1,7.579081,7.307848,8.30959
259,2,7.908097,7.2836833,8.30959
259,3,7.115129,7.345245,8.30959
260,1,7.908097,7.303582,7.579081
260,2,7.115129,7.27052,7.579081
260,3,8.772991,7.327307,7.579081
261,1,7.115129,7.2831597,7.908097
261,2,8.772991,7.247853,7.908097
261,3,0.3673177,7.314823,7.908097
262,1,8.772991,7.282493,7.115129
262,2,0.3673177,7.244008,7.115129
262,3,9.214941,7.3026466,7.115129
263,1,0.3673177,7.2575965,8.772991
263,2,9.214941,7.2304893,8.772991
263,3,5.9460087,7.2834816,8.772991
264,1,9.214941,7.3729277,0.3673177
264,2,5.9460087,7.3338757,0.3673177
264,3,5.13354,7.3279114,0.3673177
265,1,5.9460087,7.282096,9.214941
265,2,5.13354,7.2879786,9.214941
265,3,5.3320527,7.36693,9.214941
266,1,5.13354,7.3213134,5.9460087
266,2,5.3320527,7.3313203,5.9460087
266,3,8.014406,7.3732796,5.9460087
267,1,5.3320527,7.363142,5.13354
267,2,8.014406,7.360809,5.13354
267,3,7.5626836,7.38222,5.13354
268,1,8.014406,7.376217,5.3320527
268,2,7.5626836,7.3701053,5.3320527
268,3,9.421675,7.3942833,5.3320527
269,1,7.5626836,7.342754,8.014406
269,2,9.421675,7.3545456,8.014406
269,3,8.013068,7.39979,8.014406
270,1,9.421675,7.348854,7.5626836
270,2,8.013068,7.359241,7.5626836
270,3,7.4840384,7.391673,7.5626836
271,1,8.013068,7.332833,9.421675
271,2,7.4840384,7.339728,9.421675
271,3,9.646816,7.385045,9.421675
272,1,7.4840384,7.341144,8.013068
272,2,9.646816,7.332885,8.013068
272,3,7.432196,7.3665776,8.013068
273,1,9.646816,7.3486304,7.4840384
273,2,7.432196,7.3259163,7.4840384
273,3,7.951855,7.359013,7.4840384
274,1,7.432196,7.3019333,9.646816
274,2,7.951855,7.275964,9.646816
274,3,7.8624053,7.351392,9.646816
275,1,7.951855,7.29983,7.432196
275,2,7.8624053,7.264177,7.432196
275,3,7.7235456,7.322846,7.432196
276,1,7.8624053,7.2785325,7.951855
276,2,7.7235456,7.2394695,7.951855
276,3,7.1387205,7.3045287,7.951855
277,1,7.7235456,7.26889,7.8624053
277,2,7.1387205,7.2351055,7.8624053
277,3,9.313246,7.275786,7.8624053
278,1,7.1387205,7.2674274,7.7235456
278,2,9.313246,7.233741,7.7235456
278,3,7.5401826,7.2578564,7.7235456
279,1,9.313246,7.2657614,7.1387205
279,2,7.5401826,7.236542,7.1387205
279,3,8.752806,7.2457976,7.1387205
280,1,7.5401826,7.2500687,9.313246
280,2,8.752806,7.2276907,9.313246
280,3,7.6113744,7.2475624,9.313246
281,1,8.752806,7.254181,7.5401826
281,2,7.6113744,7.231607,7.5401826
281,3,7.318781,7.218797,7.5401826
282,1,7.6113744,7.241624,8.752806
282,2,7.318781,7.234789,8.752806
282,3,5.391284,7.198061,8.752806
283,1,7.318781,7.2369933,7.6113744
283,2,5.391284,7.2371054,7.6113744
283,3,8.277736,7.177226,7.6113744
284,1,5.391284,7.2255297,7.318781
284,2,8.277736,7.236844,7.318781
284,3,7.09838,7.1661315,7.318781
285,1,8.277736,7.234433,5.391284
285,2,7.09838,7.247072,5.391284
285,3,7.2878838,7.199547,5.391284
286,1,7.09838,7.2266407,8.277736
286,2,7.2878838,7.2270894,8.277736
286,3,4.6124563,7.2267747,8.277736
287,1,7.2878838,7.2434816,7.09838
287,2,4.6124563,7.2303324,7.09838
287,3,8.145465,7.2636676,7.09838
288,1,4.6124563,7.247788,7.2878838
288,2,8.145465,7.2343087,7.2878838
288,3,6.911005,7.2956595,7.2878838
289,1,8.145465,7.3078637,4.6124563
289,2,6.911005,7.296521,4.6124563
289,3,5.1130233,7.332741,4.6124563
290,1,6.911005,7.310571,8.145465
290,2,5.1130233,7.319129,8.145465
290,3,7.429278,7.3803325,8.145465
291,1,5.1130233,7.3331027,6.911005
291,2,7.429278,7.34065,6.911005
291,3,7.4832053,7.379041,6.911005
292,1,7.429278,7.3837276,5.1130233
292,2,7.4832053,7.3721457,5.1130233
292,3,7.0021424,7.381735,5.1130233
293,1,7.4832053,7.364885,7.429278
293,2,7.0021424,7.3619905,7.429278
293,3,9.222856,7.3943257,7.429278
294,1,7.0021424,7.3623996,7.4832053
294,2,9.222856,7.3620834,7.4832053
294,3,5.9406443,7.3924427,7.4832053
295,1,9.222856,7.371867,7.0021424
295,2,5.9406443,7.3665247,7.0021424
295,3,8.412362,7.3883896,7.0021424
296,1,5.9406443,7.3423114,9.222856
296,2,8.412362,7.342742,9.222856
296,3,3.09149,7.386629,9.222856
297,1,8.412362,7.3818893,5.9406443
297,2,3.09149,7.3674293,5.9406443
297,3,8.459221,7.374554,5.9406443
298,1,3.09149,7.3546104,8.412362
298,2,8.459221,7.3441334,8.412362
298,3,8.505816,7.380266,8.412362
299,1,8.459221,7.4315176,3.09149
299,2,8.505816,7.394679,3.09149
299,3,7.3684363,7.37273,3.09149
300,1,8.505816,7.365866,8.459221
300,2,7.3684363,7.3574004,8.459221
300,3,7.987881,7.397545,8.459221
301,1,7.3684363,7.3441186,8.505816
301,2,7.987881,7.3493953,8.505816
301,3,9.327241,7.39072,8.505816
302,1,7.987881,7.357332,7.3684363
302,2,9.327241,7.3545017,7.3684363
302,3,8.840438,7.3799334,7.3684363
303,1,9.327241,7.3522277,7.987881
303,2,8.840438,7.3436546,7.987881
303,3,4.211337,7.3755364,7.987881
304,1,8.840438,7.3240356,9.327241
304,2,4.211337,7.310282,9.327241
304,3,7.4762278,7.3656936,9.327241
305,1,4.211337,7.303374,8.840438
305,2,7.4762278,7.2796144,8.840438
305,3,7.5982347,7.3456817,8.840438
306,1,7.4762278,7.366373,4.211337
306,2,7.5982347,7.332511,4.211337
306,3,5.943584,7.3358073,4.211337
307,1,7.5982347,7.3376923,7.4762278
307,2,5.943584,7.313181,7.4762278
307,3,9.27982,7.361544,7.4762278
308,1,5.943584,7.3229623,7.5982347
308,2,9.27982,7.308273,7.5982347
308,3,0.95465785,7.3669996,7.5982347
309,1,9.27982,7.348272,5.943584
309,2,0.95465785,7.3365684,5.943584
309,3,6.5090885,7.369917,5.943584
310,1,0.95465785,7.3084674,9.27982
310,2,6.5090885,7.3091516,9.27982
310,3,7.832563,7.3755245,9.27982
311,1,6.5090885,7.4299407,0.95465785
311,2,7.832563,7.3997307,0.95465785
311,3,6.3558145,7.364216,0.95465785
312,1,7.832563,7.3770747,6.5090885
312,2,6.3558145,7.366995,6.5090885
312,3,6.4674582,7.4003973,6.5090885
313,1,6.3558145,7.349904,7.832563
313,2,6.4674582,7.357845,7.832563
313,3,7.2168894,7.401379,7.832563
314,1,6.4674582,7.372566,6.3558145
314,2,7.2168894,7.371944,6.3558145
314,3,6.8434777,7.3936462,6.3558145
315,1,7.2168894,7.37665,6.4674582
315,2,6.8434777,7.372877,6.4674582
315,3,9.025357,7.3921814,6.4674582
316,1,6.8434777,7.3750777,7.2168894
316,2,9.025357,7.3693123,7.2168894
316,3,8.123193,7.3948913,7.2168894
317,1,9.025357,7.381998,6.8434777
317,2,8.123193,7.371369,6.8434777
317,3,8.31691,7.3928986,6.8434777
318,1,8.123193,7.347728,9.025357
318,2,8.31691,7.349314,9.025357
318,3,5.5982103,7.3919334,9.025357
319,1,8.31691,7.350015,8.123193
319,2,5.5982103,7.341493,8.123193
319,3,7.0347857,7.3773685,8.123193
320,1,5.5982103,7.3415017,8.31691
320,2,7.0347857,7.323075,8.31691
320,3,7.894999,7.366243,8.31691
321,1,7.0347857,7.375392,5.5982103
321,2,7.894999,7.3494163,5.5982103
321,3,8.245899,7.360432,5.5982103
322,1,7.894999,7.363574,7.0347857
322,2,8.245899,7.34218,7.0347857
322,3,6.3976016,7.3737693,7.0347857
323,1,8.245899,7.3432856,7.894999
323,2,6.3976016,7.3301477,7.894999
323,3,8.742786,7.377863,7.894999
324,1,6.3976016,7.3298903,8.245899
324,2,8.742786,7.3193507,8.245899
324,3,9.7478075,7.372128,8.245899
325,1,8.742786,7.3540993,6.3976016
325,2,9.7478075,7.340341,6.3976016
325,3,9.088798,7.3670845,6.3976016
326,1,9.7478075,7.325767,8.742786
326,2,9.088798,7.315786,8.742786
326,3,7.5702844,7.3698974,8.742786
327,1,9.088798,7.291123,9.7478075
327,2,7.5702844,7.2845254,9.7478075
327,3,5.5912967,7.3556275,9.7478075
328,1,7.5702844,7.2665567,9.088798
328,2,5.5912967,7.252503,9.088798
328,3,8.528086,7.3257627,9.088798
329,1,5.5912967,7.275873,7.5702844
329,2,8.528086,7.235606,7.5702844
329,3,6.7514415,7.289513,7.5702844
330,1,8.528086,7.293325,5.5912967
330,2,6.7514415,7.255152,5.5912967
330,3,6.1399717,7.270711,5.5912967
331,1,6.7514415,7.2602654,8.528086
331,2,6.1399717,7.2346306,8.528086
331,3,7.400782,7.2675667,8.528086
332,1,6.1399717,7.260069,6.7514415
332,2,7.400782,7.2394757,6.7514415
332,3,4.665567,7.2641807,6.7514415
333,1,7.400782,7.2697053,6.1399717
333,2,4.665567,7.247967,6.1399717
333,3,9.362437,7.2864037,6.1399717
334,1,4.665567,7.27173,7.400782
334,2,9.362437,7.2499595,7.400782
334,3,8.576226,7.330639,7.400782
335,1,9.362437,7.319699,4.665567
335,2,8.576226,7.3114924,4.665567
335,3,5.929301,7.35254,4.665567
336,1,8.576226,7.2744484,9.362437
336,2,5.929301,7.2884717,9.362437
336,3,6.5163956,7.3736367,9.362437
337,1,5.929301,7.27314,8.576226
337,2,6.5163956,7.2841077,8.576226
337,3,9.192202,7.3572674,8.576226
338,1,6.5163956,7.326356,5.929301
338,2,9.192202,7.3251333,5.929301
338,3,7.0927024,7.351147,5.929301
339,1,9.192202,7.349837,6.5163956
339,2,7.0927024,7.344609,6.5163956
339,3,8.680561,7.368108,6.5163956
340,1,7.0927024,7.3230653,9.192202
340,2,8.680561,7.3237753,9.192202
340,3,9.082402,7.3767047,9.192202
341,1,8.680561,7.3390627,7.0927024
341,2,9.082402,7.3323064,7.0927024
341,3,6.050777,7.3645964,7.0927024
342,1,9.082402,7.3309236,8.680561
342,2,6.050777,7.3193884,8.680561
342,3,8.888512,7.3667836,8.680561
343,1,6.050777,7.3106613,9.082402
343,2,8.888512,7.291654,9.082402
343,3,7.894483,7.3550334,9.082402
344,1,8.888512,7.3417845,6.050777
344,2,7.894483,7.311256,6.050777
344,3,7.319973,7.342239,6.050777
345,1,7.894483,7.2995195,8.888512
345,2,7.319973,7.2709417,8.888512
345,3,6.65044,7.3470697,8.888512
346,1,7.319973,7.286,7.894483
346,2,6.65044,7.255838,7.894483
346,3,7.8782554,7.3337355,7.894483
347,1,6.65044,7.285038,7.319973
347,2,7.8782554,7.252482,7.319973
347,3,8.465235,7.322965,7.319973
348,1,7.8782554,7.292757,6.65044
348,2,8.465235,7.259194,6.65044
348,3,8.003387,7.3261538,6.65044
349,1,8.465235,7.275535,7.8782554
349,2,8.003387,7.246279,7.8782554
349,3,8.512204,7.3317504,7.8782554
350,1,8.003387,7.2581406,8.465235
350,2,8.512204,7.231823,8.465235
350,3,8.074127,7.325589,8.465235
351,1,8.512204,7.2532954,8.003387
351,2,8.074127,7.2257223,8.003387
351,3,7.397535,7.2882237,8.003387
352,1,8.074127,7.25501,8.512204
352,2,7.397535,7.227393,8.512204
352,3,5.619418,7.2965045,8.512204
353,1,7.397535,7.2624974,8.074127
353,2,5.619418,7.2292867,8.074127
353,3,6.1839676,7.280079,8.074127
354,1,5.619418,7.2685876,7.397535
354,2,6.1839676,7.232443,7.397535
354,3,5.287644,7.2471685,7.397535
355,1,6.1839676,7.2662787,5.619418
355,2,5.287644,7.2468143,5.619418
355,3,6.6335206,7.241748,5.619418
356,1,5.287644,7.290845,6.1839676
356,2,6.6335206,7.2600155,6.1839676
356,3,6.3585777,7.321433,6.1839676
357,1,6.6335206,7.3136444,5.287644
357,2,6.3585777,7.298938,5.287644
357,3,2.6903841,7.351359,5.287644
358,1,6.3585777,7.326497,6.6335206
358,2,2.6903841,7.325835,6.6335206
358,3,6.5653934,7.384815,6.6335206
359,1,2.6903841,7.349441,6.3585777
359,2,6.5653934,7.3506255,6.3585777
359,3,8.924372,7.3912964,6.3585777
360,1,6.5653934,7.4040136,2.6903841
360,2,8.924372,7.385145,2.6903841
360,3,8.7142935,7.3959594,2.6903841
361,1,8.924372,7.371674,6.5653934
361,2,8.7142935,7.3678603,6.5653934
361,3,6.9092436,7.4113927,6.5653934
362,1,8.7142935,7.336923,8.924372
362,2,6.9092436,7.3529534,8.924372
362,3,8.043735,7.405433,8.924372
363,1,6.9092436,7.3356967,8.7142935
363,2,8.043735,7.347677,8.7142935
363,3,7.591381,7.389349,8.7142935
364,1,8.043735,7.3633356,6.9092436
364,2,7.591381,7.3590803,6.9092436
364,3,5.276918,7.376459,6.9092436
365,1,7.591381,7.355529,8.043735
365,2,5.276918,7.3428125,8.043735
365,3,9.119098,7.3750553,8.043735
366,1,5.276918,7.3541565,7.591381
366,2,9.119098,7.3344502,7.591381
366,3,7.9621186,7.3696566,7.591381
367,1,9.119098,7.3902373,5.276918
367,2,7.9621186,7.361093,5.276918
367,3,7.8583493,7.3688145,5.276918
368,1,7.9621186,7.3364887,9.119098
368,2,7.8583493,7.3258677,9.119098
368,3,8.629665,7.381729,9.119098
369,1,7.8583493,7.3339725,7.9621186
369,2,8.629665,7.321631,7.9621186
369,3,7.133436,7.3697295,7.9621186
370,1,8.629665,7.3312964,7.8583493
370,2,7.133436,7.3145533,7.8583493
370,3,9.608162,7.361624,7.8583493
371,1,7.133436,7.311068,8.629665
371,2,9.608162,7.290392,8.629665
371,3,7.7573833,7.353636,8.629665
372,1,9.608162,7.3190894,7.133436
372,2,7.7573833,7.291243,7.133436
372,3,6.564284,7.3435225,7.133436
373,1,7.7573833,7.2680655,9.608162
373,2,6.564284,7.248228,9.608162
373,3,6.8803334,7.3367147,9.608162
374,1,6.564284,7.2692475,7.7573833
374,2,6.8803334,7.23614,7.7573833
374,3,6.969323,7.3020563,7.7573833
375,1,6.8803334,7.2808914,6.564284
375,2,6.969323,7.245203,6.564284
375,3,8.016464,7.2856035,6.564284
376,1,6.969323,7.2687488,6.8803334
376,2,8.016464,7.2444735,6.8803334
376,3,7.4499054,7.2701073,6.8803334
377,1,8.016464,7.2604575,6.969323
377,2,7.4499054,7.2416806,6.969323
377,3,8.4556265,7.2783294,6.969323
378,1,7.4499054,7.260121,8.016464
378,2,8.4556265,7.2360587,8.016464
378,3,7.587257,7.322279,8.016464
379,1,8.4556265,7.270972,7.4499054
379,2,7.587257,7.251638,7.4499054
379,3,8.015761,7.3309975,7.4499054
380,1,7.587257,7.2574506,8.4556265
380,2,8.015761,7.23917,8.4556265
380,3,7.8325577,7.326593,8.4556265
381,1,8.015761,7.2687054,7.587257
381,2,7.8325577,7.247609,7.587257
381,3,9.025838,7.3239393,7.587257
382,1,7.8325577,7.265564,8.015761
382,2,9.025838,7.240975,8.015761
382,3,5.1098447,7.3202157,8.015761
383,1,9.025838,7.2579193,7.8325577
383,2,5.1098447,7.2291975,7.8325577
383,3,8.661707,7.2778025,7.8325577
384,1,5.1098447,7.2531223,9.025838
384,2,8.661707,7.2283893,9.025838
384,3,8.078459,7.3063145,9.025838
385,1,8.661707,7.3036513,5.1098447
385,2,8.078459,7.271795,5.1098447
385,3,7.7136636,7.3137655,5.1098447
386,1,8.078459,7.2762284,8.661707
386,2,7.7136636,7.250847,8.661707
386,3,5.451198,7.3372507,8.661707
387,1,7.7136636,7.2768464,8.078459
387,2,5.451198,7.2555275,8.078459
387,3,6.828961,7.3398952,8.078459
388,1,5.451198,7.2764206,7.7136636
388,2,6.828961,7.251935,7.7136636
388,3,7.8368735,7.3317304,7.7136636
389,1,6.828961,7.3247275,5.451198
389,2,7.8368735,7.30225,5.451198
389,3,8.270927,7.342261,5.451198
390,1,7.8368735,7.3222175,6.828961
390,2,8.270927,7.3092704,6.828961
390,3,5.068583,7.362788,6.828961
391,1,8.270927,7.3074217,7.8368735
391,2,5.068583,7.3045335,7.8368735
391,3,7.2726607,7.3696923,7.8368735
392,1,5.068583,7.300121,8.270927
392,2,7.2726607,7.299893,8.270927
392,3,0.20300454,7.3649073,8.270927
393,1,7.2726607,7.355619,5.068583
393,2,0.20300454,7.348013,5.068583
393,3,8.227011,7.3627105,5.068583
394,1,0.20300454,7.351846,7.2726607
394,2,8.227011,7.3473463,7.2726607
394,3,6.197264,7.381234,7.2726607
395,1,8.227011,7.4441795,0.20300454
395,2,6.197264,7.406685,0.20300454
395,3,2.5272439,7.383955,0.20300454
396,1,6.197264,7.3588657,8.227011
396,2,2.5272439,7.3601084,8.227011
396,3,8.738944,7.411917,8.227011
397,1,2.5272439,7.3743777,6.197264
397,2,8.738944,7.373523,6.197264
397,3,5.331164,7.4018116,6.197264
398,1,8.738944,7.425869,2.5272439
398,2,5.331164,7.4006915,2.5272439
398,3,5.3412237,7.404577,2.5272439
399,1,5.331164,7.3578777,8.738944
399,2,5.3412237,7.3623996,8.738944
399,3,6.4050565,7.412791,8.738944
400,1,5.3412237,7.3943863,5.331164
400,2,6.4050565,7.384061,5.331164
400,3,7.0654073,7.3995113,5.331164
401,1,6.4050565,7.40419,5.3412237
401,2,7.0654073,7.386255,5.3412237
401,3,7.0906696,7.4021316,5.3412237
402,1,7.0654073,7.3926334,6.4050565
402,2,7.0906696,7.3779593,6.4050565
402,3,7.612295,7.406283,6.4050565
403,1,7.0906696,7.38135,7.0654073
403,2,7.612295,7.37176,7.0654073
403,3,2.0829191,7.404745,7.0654073
404,1,7.612295,7.379598,7.0906696
404,2,2.0829191,7.370424,7.0906696
404,3,5.778803,7.399942,7.0906696
405,1,2.0829191,7.371934,7.612295
405,2,5.778803,7.364704,7.612295
405,3,7.199986,7.3958488,7.612295
406,1,5.778803,7.4464784,2.0829191
406,2,7.199986,7.408581,2.0829191
406,3,7.3602943,7.3891997,2.0829191
407,1,7.199986,7.4064236,5.778803
407,2,7.3602943,7.3818884,5.778803
407,3,6.666611,7.410789,5.778803
408,1,7.3602943,7.3773775,7.199986
408,2,6.666611,7.369199,7.199986
408,3,7.867356,7.4108415,7.199986
409,1,6.666611,7.3702173,7.3602943
409,2,7.867356,7.3671412,7.3602943
409,3,8.577925,7.403625,7.3602943
410,1,7.867356,7.382221,6.666611
410,2,8.577925,7.372935,6.666611
410,3,7.9008102,7.3965445,6.666611
411,1,8.577925,7.36844,7.867356
411,2,7.9008102,7.3628254,7.867356
411,3,8.090749,7.3950424,7.867356
412,1,7.9008102,7.3513274,8.577925
412,2,8.090749,7.3480997,8.577925
412,3,5.87631,7.3878393,8.577925
413,1,8.090749,7.353455,7.9008102
413,2,5.87631,7.3404427,7.9008102
413,3,7.812714,7.375321,7.9008102
414,1,5.87631,7.344861,8.090749
414,2,7.812714,7.324037,8.090749
414,3,10.143845,7.3662915,8.090749
415,1,7.812714,7.371139,5.87631
415,2,10.143845,7.3448462,5.87631
415,3,7.2481484,7.362199,5.87631
416,1,10.143845,7.3478107,7.812714
416,2,7.2481484,7.327349,7.812714
416,3,8.650824,7.3721395,7.812714
417,1,7.2481484,7.2952194,10.143845
417,2,8.650824,7.285701,10.143845
417,3,7.2875633,7.3642006,10.143845
418,1,8.650824,7.3110013,7.2481484
418,2,7.2875633,7.2854958,7.2481484
418,3,8.35062,7.341971,7.2481484
419,1,7.2875633,7.2822547,8.650824
419,2,8.35062,7.2532215,8.650824
419,3,8.541596,7.331056,8.650824
420,1,8.35062,7.2829666,7.2875633
420,2,8.541596,7.2489433,7.2875633
420,3,4.239985,7.311375,7.2875633
421,1,8.541596,7.263094,8.35062
421,2,4.239985,7.2317386,8.35062
421,3,9.069726,7.290399,8.35062
422,1,4.239985,7.2623515,8.541596
422,2,9.069726,7.230905,8.541596
422,3,7.3094816,7.2695875,8.541596
423,1,9.069726,7.288732,4.239985
423,2,7.3094816,7.258561,4.239985
423,3,7.4993815,7.266309,4.239985
424,1,7.3094816,7.244133,9.069726
424,2,7.4993815,7.22841,9.069726
424,3,6.942849,7.282029,9.069726
425,1,7.4993815,7.2481976,7.3094816
425,2,6.942849,7.230639,7.3094816
425,3,-0.6584103,7.285241,7.3094816
426,1,6.942849,7.2481565,7.4993815
426,2,-0.6584103,7.2301207,7.4993815
426,3,9.3926735,7.284278,7.4993815
427,1,-0.6584103,7.264191,6.942849
427,2,9.3926735,7.240125,6.942849
427,3,9.002246,7.3106427,6.942849
428,1,9.3926735,7.4113946,-0.6584103
428,2,9.002246,7.3748574,-0.6584103
428,3,9.207383,7.3491125,-0.6584103
429,1,9.002246,7.3057537,9.3926735
429,2,9.207383,7.3255215,9.3926735
429,3,6.796032,7.3983316,9.3926735
430,1,9.207383,7.3034296,9.002246
430,2,6.796032,7.332033,9.002246
430,3,9.16817,7.3860126,9.002246
431,1,6.796032,7.3000712,9.207383
431,2,9.16817,7.31589,9.207383
431,3,6.2627625,7.3650627,9.207383
432,1,9.16817,7.3442025,6.796032
432,2,6.2627625,7.3367696,6.796032
432,3,5.4764833,7.3543806,6.796032
433,1,6.2627625,7.321233,9.16817
433,2,5.4764833,7.3013206,9.16817
433,3,10.068936,7.356032,9.16817
434,1,5.4764833,7.344832,6.2627625
434,2,10.068936,7.3141713,6.2627625
434,3,8.21298,7.3451915,6.2627625
435,1,10.068936,7.3659916,5.4764833
435,2,8.21298,7.3368254,5.4764833
435,3,6.8782005,7.357348,5.4764833
436,1,8.21298,7.2978296,10.068936
436,2,6.8782005,7.285201,10.068936
436,3,6.1189446,7.368888,10.068936
437,1,6.8782005,7.2939262,8.21298
437,2,6.1189446,7.2768216,8.21298
437,3,7.726682,7.349636,8.21298
438,1,6.1189446,7.3095264,6.8782005
438,2,7.726682,7.285132,6.8782005
438,3,5.2039924,7.33989,6.8782005
439,1,7.726682,7.3312,6.1189446
439,2,5.2039924,7.3072557,6.1189446
439,3,6.4780746,7.347339,6.1189446
440,1,5.2039924,7.3114123,7.726682
440,2,6.4780746,7.295708,7.726682
440,3,4.9785347,7.360031,7.726682
441,1,6.4780746,7.3516755,5.2039924
441,2,4.9785347,7.3366,5.2039924
441,3,7.1712155,7.365096,5.2039924
442,1,4.9785347,7.350489,6.4780746
442,2,7.1712155,7.3414435,6.4780746
442,3,8.974132,7.3815374,6.4780746
443,1,7.1712155,7.3783007,4.9785347
443,2,8.974132,7.3642235,4.9785347
443,3,6.116603,7.387721,4.9785347
444,1,8.974132,7.3147774,7.1712155
444,2,6.116603,7.328571,7.1712155
444,3,7.642344,7.38792,7.1712155
445,1,6.116603,7.3243313,8.974132
445,2,7.642344,7.342902,8.974132
445,3,6.2263947,7.3935223,8.974132
446,1,7.642344,7.3760786,6.116603
446,2,6.2263947,7.3717065,6.116603
446,3,2.2142897,7.3827567,6.116603
447,1,6.2263947,7.36867,7.642344
447,2,2.2142897,7.362572,7.642344
447,3,6.680964,7.387187,7.642344
448,1,2.2142897,7.389297,6.2263947
448,2,6.680964,7.3726144,6.2263947
448,3,7.819029,7.3842225,6.2263947
449,1,6.680964,7.446213,2.2142897
449,2,7.819029,7.4051194,2.2142897
449,3,8.10397,7.3892083,2.2142897
450,1,7.819029,7.390813,6.680964
450,2,8.10397,7.373254,6.680964
450,3,4.83142,7.410294,6.680964
451,1,8.10397,7.362488,7.819029
451,2,4.83142,7.3628263,7.819029
451,3,7.245418,7.4069633,7.819029
452,1,4.83142,7.3539524,8.10397
452,2,7.245418,7.3588023,8.10397
452,3,5.166431,7.3975797,8.10397
453,1,7.245418,7.406609,4.83142
453,2,5.166431,7.3874702,4.83142
453,3,7.349743,7.3867493,4.83142
454,1,5.166431,7.3850904,7.245418
454,2,7.349743,7.371605,7.245418
454,3,8.286882,7.396961,7.245418
455,1,7.349743,7.4088383,5.166431
455,2,8.286882,7.385529,5.166431
455,3,8.653222,7.3947153,5.166431
456,1,8.286882,7.381468,7.349743
456,2,8.653222,7.369828,7.349743
456,3,5.3259497,7.4021072,7.349743
457,1,8.653222,7.359155,8.286882
457,2,5.3259497,7.358763,8.286882
457,3,6.1264186,7.3977437,8.286882
458,1,5.3259497,7.3468194,8.653222
458,2,6.1264186,7.3461213,8.653222
458,3,9.497299,7.386413,8.653222
459,1,6.1264186,7.3962216,5.3259497
459,2,9.497299,7.375864,5.3259497
459,3,1.3909732,7.374924,5.3259497
460,1,9.497299,7.4001937,6.1264186
460,2,1.3909732,7.3742056,6.1264186
460,3,5.9779906,7.3853188,6.1264186
461,1,1.3909732,7.341967,9.497299
461,2,5.9779906,7.3414974,9.497299
461,3,8.240586,7.3924785,9.497299
462,1,5.9779906,7.4468327,1.3909732
462,2,8.240586,7.4105043,1.3909732
462,3,6.3129296,7.375347,1.3909732
463,1,8.240586,7.4007654,5.9779906
463,2,6.3129296,7.3797255,5.9779906
463,3,7.339728,7.4045753,5.9779906
464,1,6.3129296,7.3591156,8.240586
464,2,7.339728,7.361137,8.240586
464,3,7.233362,7.406516,8.240586
465,1,7.339728,7.3805313,6.3129296
465,2,7.233362,7.37485,6.3129296
465,3,7.835934,7.3956795,6.3129296
466,1,7.233362,7.374248,7.339728
466,2,7.835934,7.3688965,7.339728
466,3,8.404329,7.3953543,7.339728
467,1,7.835934,7.3754697,7.233362
467,2,8.404329,7.3675447,7.233362
467,3,8.3497,7.391839,7.233362
468,1,8.404329,7.36527,7.835934
468,2,8.3497,7.3592396,7.835934
468,3,8.294916,7.3893895,7.835934
469,1,8.3497,7.351573,8.404329
469,2,8.294916,7.3443775,8.404329
469,3,8.480897,7.382259,8.404329
470,1,8.294916,7.3432703,8.3497
470,2,8.480897,7.3280354,8.3497
470,3,8.70858,7.3705044,8.3497
471,1,8.480897,7.331183,8.294916
471,2,8.70858,7.3072753,8.294916
471,3,6.769885,7.358112,8.294916
472,1,8.70858,7.3084574,8.480897
472,2,6.769885,7.276429,8.480897
472,3,9.905892,7.3450108,8.480897
473,1,6.769885,7.2752795,8.70858
473,2,9.905892,7.2457895,8.70858
473,3,6.0855846,7.3195357,8.70858
474,1,9.905892,7.2843285,6.769885
474,2,6.0855846,7.2437916,6.769885
474,3,6.2615314,7.293244,6.769885
475,1,6.0855846,7.259196,9.905892
475,2,6.2615314,7.2319226,9.905892
475,3,7.422193,7.2723317,9.905892
476,1,6.2615314,7.2744765,6.0855846
476,2,7.422193,7.242327,6.0855846
476,3,5.5578938,7.2341137,6.0855846
477,1,7.422193,7.2658334,6.2615314
477,2,5.5578938,7.2466807,6.2615314
477,3,8.361431,7.240905,6.2615314
478,1,5.5578938,7.2509875,7.422193
478,2,8.361431,7.2362976,7.422193
478,3,5.331444,7.2574215,7.422193
479,1,8.361431,7.2648745,5.5578938
479,2,5.331444,7.248496,5.5578938
479,3,8.550737,7.2921677,5.5578938
480,1,5.331444,7.2462006,8.361431
480,2,8.550737,7.238096,8.361431
480,3,5.7866,7.315853,8.361431
481,1,8.550737,7.2882423,5.331444
481,2,5.7866,7.281839,5.331444
481,3,7.5588675,7.3305173,5.331444
482,1,5.7866,7.2679462,8.550737
482,2,7.5588675,7.275094,8.550737
482,3,5.7147145,7.3516097,8.550737
483,1,7.5588675,7.3125377,5.7866
483,2,5.7147145,7.320769,5.7866
483,3,8.200925,7.360238,5.7866
484,1,5.7147145,7.3241086,7.5588675
484,2,8.200925,7.333494,7.5588675
484,3,6.3124857,7.3762026,7.5588675
485,1,8.200925,7.3771067,5.7147145
485,2,6.3124857,7.3681245,5.7147145
485,3,4.5375643,7.3811297,5.7147145
486,1,6.3124857,7.355564,8.200925
486,2,4.5375643,7.3559947,8.200925
486,3,7.3344655,7.3917327,8.200925
487,1,4.5375643,7.3825703,6.3124857
487,2,7.3344655,7.37151,6.3124857
487,3,5.734891,7.3863583,6.3124857
488,1,7.3344655,7.417043,4.5375643
488,2,5.734891,7.389729,4.5375643
488,3,8.17556,7.3892083,4.5375643
489,1,5.734891,7.381881,7.3344655
489,2,8.17556,7.369548,7.3344655
489,3,7.3289633,7.40217,7.3344655
490,1,8.17556,7.3959036,5.734891
490,2,7.3289633,7.3798604,5.734891
490,3,6.240932,7.398303,5.734891
491,1,7.3289633,7.3641953,8.17556
491,2,6.240932,7.3625007,8.17556
491,3,9.238536,7.401182,8.17556
492,1,6.240932,7.3695884,7.3289633
492,2,9.238536,7.365525,7.3289633
492,3,7.2834234,7.3922787,7.3289633
493,1,9.238536,7.3907366,6.240932
493,2,7.2834234,7.3752675,6.240932
493,3,7.8218875,7.3876634,6.240932
494,1,7.2834234,7.3475127,9.238536
494,2,7.8218875,7.346964,9.238536
494,3,6.251683,7.390729,9.238536
495,1,7.8218875,7.3617253,7.2834234
495,2,6.251683,7.351955,7.2834234
495,3,8.942571,7.377393,7.2834234
496,1,6.251683,7.355918,7.8218875
496,2,8.942571,7.3407483,7.8218875
496,3,6.1133943,7.373518,7.8218875
497,1,8.942571,7.374909,6.251683
497,2,6.1133943,7.354883,6.251683
497,3,8.432655,7.371416,6.251683
498,1,6.1133943,7.3368998,8.942571
498,2,8.432655,7.323331,8.942571
498,3,7.783023,7.375631,8.942571
499,1,8.432655,7.3643403,6.1133943
499,2,7.783023,7.347323,6.1133943
499,3,7.73211,7.368306,6.1133943
500,1,7.783023,7.33738,8.432655
500,2,7.73211,7.3250656,8.432655
500,3,6.0195503,7.3733053,8.432655
501,1,7.73211,7.335314,7.783023
501,2,6.0195503,7.3212934,7.783023
501,3,6.3048553,7.3661423,7.783023
502,1,6.0195503,7.332195,7.73211
502,2,6.3048553,7.3152814,7.73211
502,3,7.48453,7.3612576,7.73211
503,1,6.3048553,7.357475,6.0195503
503,2,7.48453,7.338591,6.0195503
503,3,8.1674185,7.361807,6.0195503
504,1,7.48453,7.3645062,6.3048553
504,2,8.1674185,7.346328,6.3048553
504,3,6.920788,7.373439,6.3048553
505,1,8.1674185,7.3473496,7.48453
505,2,6.920788,7.3409734,7.48453
505,3,7.6331425,7.3832707,7.48453
506,1,6.920788,7.3318024,8.1674185
506,2,7.6331425,7.3324647,8.1674185
506,3,8.282706,7.380272,8.1674185
507,1,7.6331425,7.3517823,6.920788
507,2,8.282706,7.3480678,6.920788
507,3,7.399731,7.3756356,6.920788
508,1,8.282706,7.349076,7.6331425
508,2,7.399731,7.343992,7.6331425
508,3,7.478969,7.3767185,7.6331425
509,1,7.399731,7.336276,8.282706
509,2,7.478969,7.329567,8.282706
509,3,8.295577,7.372062,8.282706
510,1,7.478969,7.3478303,7.399731
510,2,8.295577,7.3344035,7.399731
510,3,7.652934,7.367236,7.399731
511,1,8.295577,7.3468895,7.478969
511,2,7.652934,7.3303614,7.478969
511,3,6.051554,7.366052,7.478969
512,1,7.652934,7.3300724,8.295577
512,2,6.051554,7.312792,8.295577
512,3,5.9397016,7.363859,8.295577
513,1,6.051554,7.3271713,7.652934
513,2,5.9397016,7.306249,7.652934
513,3,8.23912,7.356093,7.652934
514,1,5.9397016,7.352765,6.051554
514,2,8.23912,7.3299127,6.051554
514,3,7.376097,7.3576093,6.051554
515,1,8.23912,7.3655357,5.9397016
515,2,7.376097,7.3438373,5.9397016
515,3,4.865583,7.370187,5.9397016
516,1,7.376097,7.332474,8.23912
516,2,4.865583,7.328981,8.23912
516,3,7.070099,7.382865,8.23912
517,1,4.865583,7.339195,7.376097
517,2,7.070099,7.337158,7.376097
517,3,7.002765,7.377684,7.376097
518,1,7.070099,7.3892593,4.865583
518,2,7.002765,7.3711104,4.865583
518,3,8.924823,7.3762174,4.865583
519,1,7.002765,7.368613,7.070099
519,2,8.924823,7.3600674,7.070099
519,3,8.410033,7.390742,7.070099
520,1,8.924823,7.365286,7.002765
520,2,8.410033,7.3614635,7.002765
520,3,2.4839168,7.391311,7.002765
521,1,8.410033,7.337176,8.924823
521,2,2.4839168,7.34526,8.924823
521,3,8.163019,7.389585,8.924823
522,1,2.4839168,7.3398347,8.410033
522,2,8.163019,7.3377914,8.410033
522,3,7.5714273,7.3756843,8.410033
523,1,8.163019,7.436237,2.4839168
523,2,7.5714273,7.402535,2.4839168
523,3,6.8994718,7.365791,2.4839168
524,1,7.5714273,7.374163,8.163019
524,2,6.8994718,7.3633513,8.163019
524,3,6.5392084,7.3954763,8.163019
525,1,6.8994718,7.3650784,7.5714273
525,2,6.5392084,7.3614984,7.5714273
525,3,10.189906,7.3920097,7.5714273
526,1,6.5392084,7.3744864,6.8994718
526,2,10.189906,7.3666754,6.8994718
526,3,8.725801,7.3874545,6.8994718
527,1,10.189906,7.384883,6.5392084
527,2,8.725801,7.3710375,6.5392084
527,3,1.7536801,7.3872685,6.5392084
528,1,8.725801,7.330328,10.189906
528,2,1.7536801,7.332477,10.189906
528,3,8.35815,7.3867717,10.189906
529,1,1.7536801,7.3276153,8.725801
529,2,8.35815,7.315992,8.725801
529,3,8.230546,7.3642473,8.725801
530,1,8.35815,7.440973,1.7536801
530,2,8.230546,7.4021683,1.7536801
530,3,8.374514,7.3520756,1.7536801
531,1,8.230546,7.36948,8.35815
531,2,8.374514,7.356793,8.35815
531,3,5.7690177,7.389947,8.35815
532,1,8.374514,7.3470044,8.230546
532,2,5.7690177,7.3489337,8.230546
532,3,4.069181,7.3878217,8.230546
533,1,5.7690177,7.3401327,8.374514
533,2,4.069181,7.338969,8.374514
533,3,9.410703,7.377941,8.374514
534,1,4.069181,7.379221,5.7690177
534,2,9.410703,7.365245,5.7690177
534,3,7.568011,7.3708344,5.7690177
535,1,9.410703,7.421809,4.069181
535,2,7.568011,7.3879952,4.069181
535,3,8.481583,7.378969,4.069181
536,1,7.568011,7.345698,9.410703
536,2,8.481583,7.347932,9.410703
536,3,7.413328,7.398444,9.410703
537,1,8.481583,7.3526244,7.568011
537,2,7.413328,7.355125,7.568011
537,3,7.1857934,7.3861847,7.568011
538,1,7.413328,7.3434544,8.481583
538,2,7.1857934,7.3410926,8.481583
538,3,6.1527452,7.3783774,8.481583
539,1,7.1857934,7.353063,7.413328
539,2,6.1527452,7.341273,7.413328
539,3,6.486571,7.3683453,7.413328
540,1,6.1527452,7.3579736,7.1857934
540,2,6.486571,7.340229,7.1857934
540,3,8.705493,7.367297,7.1857934
541,1,6.486571,7.3748193,6.1527452
541,2,8.705493,7.353316,6.1527452
541,3,4.783688,7.370893,6.1527452
542,1,8.705493,7.3759894,6.486571
542,2,4.783688,7.355056,6.486571
542,3,7.6024156,7.3803883,6.486571
543,1,4.783688,7.3371134,8.705493
543,2,7.6024156,7.3346176,8.705493
543,3,7.1998153,7.3858194,8.705493
544,1,7.6024156,7.3934255,4.783688
544,2,7.1998153,7.3738146,4.783688
544,3,8.310161,7.377098,4.783688
545,1,7.1998153,7.3653455,7.6024156
545,2,8.310161,7.358017,7.6024156
545,3,8.782668,7.3908205,7.6024156
546,1,8.310161,7.363889,7.1998153
546,2,8.782668,7.36,7.1998153
546,3,7.242967,7.3883386,7.1998153
547,1,8.782668,7.347532,8.310161
547,2,7.242967,7.3497643,8.310161
547,3,6.682922,7.386667,8.310161
548,1,7.242967,7.3367276,8.782668
548,2,6.682922,7.3326206,8.782668
548,3,6.4695272,7.3754635,8.782668
549,1,6.682922,7.3519583,7.242967
549,2,6.4695272,7.336238,7.242967
549,3,7.416705,7.3639045,7.242967
550,1,6.4695272,7.362821,6.682922
550,2,7.416705,7.341964,6.682922
550,3,6.264645,7.364201,6.682922
551,1,7.416705,7.3655586,6.4695272
551,2,6.264645,7.3461514,6.4695272
551,3,7.440012,7.370507,6.4695272
552,1,6.264645,7.3539824,7.416705
552,2,7.440012,7.3415465,7.416705
552,3,7.6377177,7.380376,7.416705
553,1,7.440012,7.3708525,6.264645
553,2,7.6377177,7.355345,6.264645
553,3,8.08634,7.3807034,6.264645
554,1,7.6377177,7.3572817,7.440012
554,2,8.08634,7.3505826,7.440012
554,3,6.22136,7.3868494,7.440012
555,1,8.08634,7.3508124,7.6377177
555,2,6.22136,7.349649,7.6377177
555,3,7.5284104,7.3853626,7.6377177
556,1,6.22136,7.344512,8.08634
556,2,7.5284104,7.34255,8.08634
556,3,7.9593663,7.380142,8.08634
557,1,7.5284104,7.3729486,6.22136
557,2,7.9593663,7.3613925,6.22136
557,3,5.745736,7.375033,6.22136
558,1,7.9593663,7.3610854,7.5284104
558,2,5.745736,7.352579,7.5284104
558,3,5.13391,7.381461,7.5284104
559,1,5.745736,7.3502984,7.9593663
559,2,5.13391,7.3439417,7.9593663
559,3,9.749476,7.380318,7.9593663
560,1,5.13391,7.3827434,5.745736
560,2,9.749476,7.365512,5.745736
560,3,8.430573,7.3754787,5.745736
561,1,9.749476,7.404618,5.13391
561,2,8.430573,7.3777866,5.13391
561,3,9.769858,7.384776,5.13391
562,1,8.430573,7.3341484,9.749476
562,2,9.769858,7.3422437,9.749476
562,3,6.0561004,7.3966436,9.749476
563,1,9.769858,7.337362,8.430573
563,2,6.0561004,7.3381767,8.430573
563,3,6.9342656,7.378767,8.430573
564,1,6.0561004,7.311319,9.769858
564,2,6.9342656,7.30461,9.769858
564,3,4.0666385,7.3621173,9.769858
565,1,6.9342656,7.349743,6.0561004
565,2,4.0666385,7.3227186,6.0561004
565,3,6.7776914,7.3435307,6.0561004
566,1,4.0666385,7.346735,6.9342656
566,2,6.7776914,7.316617,6.9342656
566,3,8.656104,7.3513594,6.9342656
567,1,6.7776914,7.3974104,4.0666385
567,2,8.656104,7.3593264,4.0666385
567,3,7.319255,7.3608775,4.0666385
568,1,8.656104,7.366486,6.7776914
568,2,7.319255,7.346372,6.7776914
568,3,7.36728,7.3881464,6.7776914
569,1,7.319255,7.325457,8.656104
569,2,7.36728,7.3337936,8.656104
569,3,6.226151,7.392516,8.656104
570,1,7.36728,7.3418283,7.319255
570,2,6.226151,7.3466997,7.319255
570,3,5.4052544,7.3817406,7.319255
571,1,6.226151,7.3507376,7.36728
571,2,5.4052544,7.3506346,7.36728
571,3,6.18198,7.3787837,7.36728
572,1,5.4052544,7.37668,6.226151
572,2,6.18198,7.3646774,6.226151
572,3,6.1551175,7.3779626,6.226151
573,1,6.18198,7.3989353,5.4052544
573,2,6.1551175,7.376552,5.4052544
573,3,6.8788795,7.384267,5.4052544
574,1,6.1551175,7.390684,6.18198
574,2,6.8788795,7.3726573,6.18198
574,3,3.052842,7.3953314,6.18198
575,1,6.8788795,7.388125,6.1551175
575,2,3.052842,7.373776,6.1551175
575,3,7.5876393,7.3991194,6.1551175
576,1,3.052842,7.3772073,6.8788795
576,2,7.5876393,7.369742,6.8788795
576,3,2.6235147,7.400346,6.8788795
577,1,7.5876393,7.424422,3.052842
577,2,2.6235147,7.397577,3.052842
577,3,6.9738054,7.40031,3.052842
578,1,2.6235147,7.3751206,7.5876393
578,2,6.9738054,7.3691287,7.5876393
578,3,6.672302,7.410842,7.5876393
579,1,6.9738054,7.4268656,2.6235147
579,2,6.672302,7.399893,2.6235147
579,3,5.996525,7.407922,2.6235147
580,1,6.672302,7.3810306,6.9738054
580,2,5.996525,7.3728886,6.9738054
580,3,7.6005235,7.4150004,6.9738054
581,1,5.996525,7.3789015,6.672302
581,2,7.6005235,7.373377,6.672302
581,3,8.465506,7.4079623,6.672302
582,1,7.6005235,7.391432,5.996525
582,2,8.465506,7.3794127,5.996525
582,3,7.568208,7.402926,5.996525
583,1,8.465506,7.3741074,7.6005235
583,2,7.568208,7.3681784,7.6005235
583,3,8.130191,7.402807,7.6005235
584,1,7.568208,7.3558307,8.465506
584,2,8.130191,7.35648,8.465506
584,3,5.8890176,7.396316,8.465506
585,1,8.130191,7.362571,7.568208
585,2,5.8890176,7.3564253,7.568208
585,3,7.4825525,7.385459,7.568208
586,1,5.8890176,7.3549604,8.130191
586,2,7.4825525,7.3416147,8.130191
586,3,7.918664,7.378213,8.130191
587,1,7.4825525,7.384221,5.8890176
587,2,7.918664,7.3608375,5.8890176
587,3,5.141094,7.37238,5.8890176
588,1,7.918664,7.366218,7.4825525
588,2,5.141094,7.3483944,7.4825525
588,3,5.7590737,7.381388,7.4825525
589,1,5.141094,7.3502154,7.918664
589,2,5.7590737,7.33823,7.918664
589,3,6.9443626,7.380582,7.918664
590,1,5.7590737,7.392635,5.141094
590,2,6.9443626,7.3683662,5.141094
590,3,6.3773746,7.3761144,5.141094
591,1,6.9443626,7.3947845,5.7590737
591,2,6.3773746,7.370642,5.7590737
591,3,8.117835,7.3889284,5.7590737
592,1,6.3773746,7.375107,6.9443626
592,2,8.117835,7.36354,6.9443626
592,3,7.4175663,7.397332,6.9443626
593,1,8.117835,7.3803444,6.3773746
593,2,7.4175663,7.370235,6.3773746
593,3,8.518137,7.396149,6.3773746
594,1,7.4175663,7.3568835,8.117835
594,2,8.518137,7.3585806,8.117835
594,3,4.5926423,7.3966265,8.117835
595,1,8.518137,7.3631463,7.4175663
595,2,4.5926423,7.3618507,7.4175663
595,3,7.471395,7.38847,7.4175663
596,1,4.5926423,7.348747,8.518137
596,2,7.471395,7.34672,8.518137
596,3,7.196947,7.383095,8.518137
597,1,7.471395,7.408788,4.5926423
597,2,7.196947,7.3837113,4.5926423
597,3,8.471408,7.373863,4.5926423
598,1,7.196947,7.3795543,7.471395
598,2,8.471408,7.3640337,7.471395
598,3,7.2866907,7.3898177,7.471395
599,1,8.471408,7.3734875,7.196947
599,2,7.2866907,7.3624096,7.196947
599,3,7.835587,7.389835,7.196947
600,1,7.2866907,7.3493676,8.471408
600,2,7.835587,7.348166,8.471408
600,3,6.0768213,7.3881626,8.471408
601,1,7.835587,7.360217,7.2866907
601,2,6.0768213,7.352551,7.2866907
601,3,7.4912763,7.3788433,7.2866907
602,1,6.0768213,7.3543806,7.835587
602,2,7.4912763,7.3429413,7.835587
602,3,9.834822,7.3757515,7.835587
603,1,7.4912763,7.379168,6.0768213
603,2,9.834822,7.3600707,6.0768213
603,3,5.3015084,7.37325,6.0768213
604,1,9.834822,7.362902,7.4912763
604,2,5.3015084,7.349792,7.4912763
604,3,8.768402,7.3817654,7.4912763
605,1,5.3015084,7.3195515,9.834822
605,2,8.768402,7.313816,9.834822
605,3,8.816315,7.3760653,9.834822
606,1,8.768402,7.371685,5.3015084
606,2,8.816315,7.356444,5.3015084
606,3,6.7909656,7.362629,5.3015084
607,1,8.816315,7.3364835,8.768402
607,2,6.7909656,7.3255157,8.768402
607,3,9.820637,7.3716493,8.768402
608,1,6.7909656,7.317005,8.816315
608,2,9.820637,7.302965,8.816315
608,3,4.898574,7.360779,8.816315
609,1,9.820637,7.3354797,6.7909656
609,2,4.898574,7.312659,6.7909656
609,3,8.379974,7.349586,6.7909656
610,1,4.898574,7.2831626,9.820637
610,2,8.379974,7.2660055,9.820637
610,3,7.918581,7.347011,9.820637
611,1,8.379974,7.3390675,4.898574
611,2,7.918581,7.309103,4.898574
611,3,6.120595,7.3338532,4.898574
612,1,7.918581,7.3027973,8.379974
612,2,6.120595,7.280058,8.379974
612,3,7.992039,7.3510375,8.379974
613,1,6.120595,7.2860093,7.918581
613,2,7.992039,7.266039,7.918581
613,3,8.587699,7.3453608,7.918581
614,1,7.992039,7.3153086,6.120595
614,2,8.587699,7.295512,6.120595
614,3,5.523495,7.345841,6.120595
615,1,8.587699,7.2979407,7.992039
615,2,5.523495,7.285239,7.992039
615,3,7.8850594,7.3563557,7.992039
616,1,5.523495,7.287854,8.587699
616,2,7.8850594,7.2777886,8.587699
616,3,9.215946,7.354511,8.587699
617,1,7.8850594,7.3355017,5.523495
617,2,9.215946,7.3211675,5.523495
617,3,7.4965143,7.3506937,5.523495
618,1,9.215946,7.320871,7.8850594
618,2,7.4965143,7.3126516,7.8850594
618,3,6.743237,7.3657475,7.8850594
619,1,7.4965143,7.285653,9.215946
619,2,6.743237,7.280531,9.215946
619,3,8.522282,7.3578744,9.215946
620,1,6.743237,7.305016,7.4965143
620,2,8.522282,7.2906156,7.4965143
620,3,7.482723,7.3462534,7.4965143
621,1,8.522282,7.337758,6.743237
621,2,7.482723,7.317271,6.743237
621,3,4.6006837,7.352241,6.743237
622,1,7.482723,7.298827,8.522282
622,2,4.6006837,7.280265,8.522282
622,3,5.490934,7.350884,8.522282
623,1,4.6006837,7.3150625,7.482723
623,2,5.490934,7.293557,7.482723
623,3,5.7821684,7.350361,7.482723
624,1,5.490934,7.371851,4.6006837
624,2,5.7821684,7.34712,4.6006837
624,3,1.2741067,7.356845,4.6006837
625,1,5.7821684,7.379345,5.490934
625,2,1.2741067,7.3539453,5.490934
625,3,3.8865442,7.378808,5.490934
626,1,1.2741067,7.3773384,5.7821684
626,2,3.8865442,7.3604507,5.7821684
626,3,9.124193,7.3940907,5.7821684
627,1,3.8865442,7.423054,1.2741067
627,2,9.124193,7.3917737,1.2741067
627,3,8.538,7.404193,1.2741067
628,1,9.124193,7.397436,3.8865442
628,2,8.538,7.3768406,3.8865442
628,3,6.8649344,7.425851,3.8865442
629,1,8.538,7.3315377,9.124193
629,2,6.8649344,7.348732,9.124193
629,3,6.675923,7.4182534,9.124193
630,1,6.8649344,7.330234,8.538
630,2,6.675923,7.3503966,8.538
630,3,8.52721,7.399001,8.538
631,1,6.675923,7.3634877,6.8649344
631,2,8.52721,7.363967,6.8649344
631,3,6.495431,7.384843,6.8649344
632,1,8.52721,7.3811526,6.675923
632,2,6.495431,7.3673587,6.675923
632,3,2.4005275,7.3831644,6.675923
633,1,6.495431,7.3531885,8.52721
633,2,2.4005275,7.346033,8.52721
633,3,7.2557964,7.3852444,8.52721
634,1,2.4005275,7.3745894,6.495431
634,2,7.2557964,7.358102,6.495431
634,3,3.2473574,7.3776336,6.495431
635,1,7.2557964,7.444365,2.4005275
635,2,3.2473574,7.40014,2.4005275
635,3,7.846723,7.377984,2.4005275
636,1,3.2473574,7.3836308,7.2557964
636,2,7.846723,7.3661127,7.2557964
636,3,5.9914107,7.405369,7.2557964
637,1,7.846723,7.419156,3.2473574
637,2,5.9914107,7.39148,3.2473574
637,3,6.1521845,7.4052687,3.2473574
638,1,5.9914107,7.36472,7.846723
638,2,6.1521845,7.363706,7.846723
638,3,8.751567,7.4123287,7.846723
639,1,6.1521845,7.383204,5.9914107
639,2,8.751567,7.3767757,5.9914107
639,3,8.439689,7.4022884,5.9914107
640,1,8.751567,7.389303,6.1521845
640,2,8.439689,7.3785715,6.1521845
640,3,6.8723335,7.4015145,6.1521845
641,1,8.439689,7.3549604,8.751567
641,2,6.8723335,7.358521,8.751567
641,3,7.534189,7.4014907,8.751567
642,1,6.8723335,7.3491974,8.439689
642,2,7.534189,7.350715,8.439689
642,3,8.044769,7.38867,8.439689
643,1,7.534189,7.3697553,6.8723335
643,2,8.044769,7.359078,6.8723335
643,3,9.320555,7.3778315,6.8723335
644,1,8.044769,7.3646398,7.534189
644,2,9.320555,7.349644,7.534189
644,3,7.815307,7.3772163,7.534189
645,1,9.320555,7.3510456,8.044769
645,2,7.815307,7.3336644,8.044769
645,3,5.6567616,7.3743906,8.044769
646,1,7.815307,7.317578,9.320555
646,2,5.6567616,7.297945,9.320555
646,3,6.550471,7.363812,9.320555
647,1,5.6567616,7.3141932,7.815307
647,2,6.550471,7.284243,7.815307
647,3,7.7604127,7.345203,7.815307
648,1,6.550471,7.343399,5.6567616
648,2,7.7604127,7.308776,5.6567616
648,3,7.302272,7.3408837,5.6567616
649,1,7.7604127,7.339441,6.550471
649,2,7.302272,7.3124013,6.550471
649,3,7.482926,7.358089,6.550471
650,1,7.302272,7.31876,7.7604127
650,2,7.482926,7.3042154,7.7604127
650,3,7.179361,7.3688707,7.7604127
651,1,7.482926,7.323334,7.302272
651,2,7.179361,7.314889,7.302272
651,3,8.674656,7.3690195,7.302272
652,1,7.179361,7.3254952,7.482926
652,2,8.674656,7.3197894,7.482926
652,3,6.51025,7.369079,7.482926
653,1,8.674656,7.333196,7.179361
653,2,6.51025,7.3276615,7.179361
653,3,6.2762914,7.3684793,7.179361
654,1,6.51025,7.3161235,8.674656
654,2,6.2762914,7.311652,8.674656
654,3,8.3147135,7.367488,8.674656
655,1,6.2762914,7.341112,6.51025
655,2,8.3147135,7.330125,6.51025
655,3,8.59634,7.359729,6.51025
656,1,8.3147135,7.351128,6.2762914
656,2,8.59634,7.3402514,6.2762914
656,3,7.771778,7.3662324,6.2762914
657,1,8.59634,7.336755,8.3147135
657,2,7.771778,7.3319902,8.3147135
657,3,0.8013699,7.378587,8.3147135
658,1,7.771778,7.327134,8.59634
658,2,0.8013699,7.3212314,8.59634
658,3,6.67061,7.3717337,8.59634
659,1,0.8013699,7.331531,7.771778
659,2,6.67061,7.318002,7.771778
659,3,9.3926115,7.3605013,7.771778
660,1,6.67061,7.448913,0.8013699
660,2,9.3926115,7.4060535,0.8013699
660,3,6.9018393,7.35694,0.8013699
661,1,9.3926115,7.3859444,6.67061
661,2,6.9018393,7.3670835,6.67061
661,3,7.7081766,7.3995986,6.67061
662,1,6.9018393,7.3308153,9.3926115
662,2,7.7081766,7.345056,9.3926115
662,3,6.7992797,7.4011917,9.3926115
663,1,7.7081766,7.3586993,6.9018393
663,2,6.7992797,7.3626747,6.9018393
663,3,6.840222,7.385699,6.9018393
664,1,6.7992797,7.3571715,7.7081766
664,2,6.840222,7.3577423,7.7081766
664,3,9.608597,7.383468,7.7081766
665,1,6.840222,7.3732347,6.7992797
665,2,9.608597,7.363361,6.7992797
665,3,7.6948543,7.3797026,6.7992797
666,1,9.608597,7.3784094,6.840222
666,2,7.6948543,7.3633437,6.840222
666,3,7.6355834,7.3823366,6.840222
667,1,7.6948543,7.3336654,9.608597
667,2,7.6355834,7.329248,9.608597
667,3,7.307607,7.3818803,9.608597
668,1,7.6355834,7.342745,7.6948543
668,2,7.307607,7.327967,7.6948543
668,3,4.659777,7.365366,7.6948543
669,1,7.307607,7.341283,7.6355834
669,2,4.659777,7.318919,7.6355834
669,3,5.5275784,7.3586087,7.6355834
670,1,4.659777,7.339709,7.307607
670,2,5.5275784,7.3134136,7.307607
670,3,9.349426,7.356093,7.307607
671,1,5.5275784,7.3845186,4.659777
671,2,9.349426,7.3535547,4.659777
671,3,7.854533,7.3608055,4.659777
672,1,9.349426,7.386921,5.5275784
672,2,7.854533,7.357965,5.5275784
672,3,6.6756763,7.382263,5.5275784
673,1,7.854533,7.3221297,9.349426
673,2,6.6756763,7.330549,9.349426
673,3,7.421842,7.3945203,9.349426
674,1,6.6756763,7.3330894,7.854533
674,2,7.421842,7.337736,7.854533
674,3,7.460663,7.37926,7.854533
675,1,7.421842,7.357521,6.6756763
675,2,7.460663,7.354285,6.6756763
675,3,1.8615128,7.3739705,6.6756763
676,1,7.460663,7.3535633,7.421842
676,2,1.8615128,7.3487,7.421842
676,3,6.2172647,7.3762417,7.421842
677,1,1.8615128,7.3522444,7.460663
677,2,6.2172647,7.345745,7.460663
677,3,8.452502,7.376253,7.460663
678,1,6.2172647,7.442478,1.8615128
678,2,8.452502,7.4032617,1.8615128
678,3,5.6606083,7.3742948,1.8615128
679,1,8.452502,7.3928127,6.2172647
679,2,5.6606083,7.37313,6.2172647
679,3,7.775466,7.4043784,6.2172647
680,1,5.6606083,7.350366,8.452502
680,2,7.775466,7.355959,8.452502
680,3,5.1973033,7.405453,8.452502
681,1,7.775466,7.3859553,5.6606083
681,2,5.1973033,7.378329,5.6606083
681,3,6.184424,7.3934116,5.6606083
682,1,5.1973033,7.3672433,7.775466
682,2,6.184424,7.3655705,7.775466
682,3,5.6273665,7.3965797,7.775466
683,1,6.184424,7.4043083,5.1973033
683,2,5.6273665,7.38554,5.1973033
683,3,8.81711,7.390718,5.1973033
684,1,5.6273665,7.39834,6.184424
684,2,8.81711,7.37962,6.184424
684,3,8.087825,7.398556,6.184424
685,1,8.81711,7.4027023,5.6273665
685,2,8.087825,7.382257,5.6273665
685,3,4.8392963,7.4008913,5.6273665
686,1,8.087825,7.3567576,8.81711
686,2,4.8392963,7.3581104,8.81711
686,3,6.914585,7.4040003,8.81711
687,1,4.8392963,7.3537097,8.087825
687,2,6.914585,7.3563814,8.087825
687,3,7.9065,7.3913846,8.087825
688,1,6.914585,7.408963,4.8392963
688,2,7.9065,7.386182,4.8392963
688,3,7.466299,7.3806896,4.8392963
689,1,7.9065,7.3917756,6.914585
689,2,7.466299,7.372459,6.914585
689,3,7.0755577,7.3932633,6.914585
690,1,7.466299,7.368303,7.9065
690,2,7.0755577,7.360302,7.9065
690,3,8.468111,7.394832,7.9065
691,1,7.0755577,7.3669763,7.466299
691,2,8.468111,7.3598833,7.466299
691,3,8.557595,7.3887672,7.466299
692,1,8.468111,7.3731284,7.0755577
692,2,8.557595,7.36187,7.0755577
692,3,7.7752132,7.38477,7.0755577
693,1,8.557595,7.351159,8.468111
693,2,7.7752132,7.3440404,8.468111
693,3,5.782414,7.3831267,8.468111
694,1,7.7752132,7.339147,8.557595
694,2,5.782414,7.326502,8.557595
694,3,5.836348,7.371527,8.557595
695,1,5.782414,7.3391457,7.7752132
695,2,5.836348,7.3174343,7.7752132
695,3,7.0384564,7.359441,7.7752132
696,1,5.836348,7.366911,5.782414
696,2,7.0384564,7.340392,5.782414
696,3,4.880776,7.3576517,5.782414
697,1,7.0384564,7.3794494,5.836348
697,2,4.880776,7.3511376,5.836348
697,3,9.036237,7.3713202,5.836348
698,1,4.880776,7.3615365,7.0384564
698,2,9.036237,7.3457675,7.0384564
698,3,5.2483788,7.3852997,7.0384564
699,1,9.036237,7.3922815,4.880776
699,2,5.2483788,7.370357,4.880776
699,3,5.829098,7.3871303,4.880776
700,1,5.2483788,7.3358746,9.036237
700,2,5.829098,7.3444195,9.036237
700,3,8.312386,7.3978033,9.036237
701,1,5.829098,7.3858814,5.2483788
701,2,8.312386,7.376811,5.2483788
701,3,8.470014,7.385125,5.2483788
702,1,8.312386,7.393542,5.829098
702,2,8.470014,7.3789186,5.829098
702,3,7.7615047,7.393218,5.829098
703,1,8.470014,7.3589563,8.312386
703,2,7.7615047,7.360182,8.312386
703,3,9.678853,7.3985395,8.312386
704,1,7.7615047,7.3459377,8.470014
704,2,9.678853,7.3519096,8.470014
704,3,8.254013,7.3891993,8.470014
705,1,9.678853,7.3544025,7.7615047
705,2,8.254013,7.349582,7.7615047
705,3,5.5530944,7.377648,7.7615047
706,1,8.254013,7.323417,9.678853
706,2,5.5530944,7.310768,9.678853
706,3,6.6893,7.366965,9.678853
707,1,5.5530944,7.3158,8.254013
707,2,6.6893,7.2872524,8.254013
707,3,3.835827,7.3455405,8.254013
708,1,6.6893,7.347648,5.5530944
708,2,3.835827,7.3095465,5.5530944
708,3,6.3705935,7.3361998,5.5530944
709,1,3.835827,7.339508,6.6893
709,2,6.3705935,7.306247,6.6893
709,3,8.290444,7.352638,6.6893
710,1,6.3705935,7.3905096,3.835827
710,2,8.290444,7.351901,3.835827
710,3,8.542649,7.3647103,3.835827
711,1,8.290444,7.362123,6.3705935
711,2,8.542649,7.34404,6.3705935
711,3,7.2488627,7.3921614,6.3705935
712,1,8.542649,7.3271456,8.290444
712,2,7.2488627,7.336945,8.290444
712,3,8.271608,7.396797,8.290444
713,1,7.2488627,7.322794,8.542649
713,2,8.271608,7.336011,8.542649
713,3,8.359015,7.385147,8.542649
714,1,8.271608,7.3464355,7.2488627
714,2,8.359015,7.348432,7.2488627
714,3,6.329966,7.3744187,7.2488627
715,1,8.359015,7.339492,8.271608
715,2,6.329966,7.3346024,8.271608
715,3,4.1625404,7.3706203,8.271608
716,1,6.329966,7.3324604,8.359015
716,2,4.1625404,7.318754,8.359015
716,3,8.764755,7.3627033,8.359015
717,1,4.1625404,7.3555093,6.329966
717,2,8.764755,7.3337417,6.329966
717,3,9.112443,7.35619,6.329966
718,1,8.764755,7.404112,4.1625404
718,2,9.112443,7.3691626,4.1625404
718,3,6.8724155,7.364199,4.1625404
719,1,9.112443,7.3422513,8.764755
719,2,6.8724155,7.3377957,8.764755
719,3,9.240533,7.3904366,8.764755
720,1,6.8724155,7.320873,9.112443
720,2,9.240533,7.323009,9.112443
720,3,7.9889426,7.37976,9.112443
721,1,9.240533,7.348336,6.8724155
721,2,7.9889426,7.3403997,6.8724155
721,3,7.709016,7.3666883,6.8724155
722,1,7.9889426,7.318715,9.240533
722,2,7.709016,7.307542,9.240533
722,3,6.4654694,7.3631396,9.240533
723,1,7.709016,7.3166065,7.9889426
723,2,6.4654694,7.294525,7.9889426
723,3,8.960615,7.3480563,7.9889426
724,1,6.4654694,7.309381,7.709016
724,2,8.960615,7.27889,7.709016
724,3,8.687242,7.3393016,7.709016
725,1,8.960615,7.3203387,6.4654694
725,2,8.687242,7.286579,6.4654694
725,3,7.5518527,7.3377867,6.4654694
726,1,8.687242,7.2730174,8.960615
726,2,7.5518527,7.2441893,8.960615
726,3,7.0087786,7.3380437,8.960615
727,1,7.5518527,7.25357,8.687242
727,2,7.0087786,7.2287183,8.687242
727,3,5.99348,7.307195,8.687242
728,1,7.0087786,7.2650094,7.5518527
728,2,5.99348,7.2322226,7.5518527
728,3,6.1075377,7.28818,7.5518527
729,1,5.99348,7.268566,7.0087786
729,2,6.1075377,7.239695,7.0087786
729,3,9.271106,7.2782745,7.0087786
730,1,6.1075377,7.284787,5.99348
730,2,9.271106,7.252821,5.99348
730,3,8.588777,7.295843,5.99348
731,1,9.271106,7.295666,6.1075377
731,2,8.588777,7.268083,6.1075377
731,3,3.3022583,7.3317637,6.1075377
732,1,8.588777,7.2567363,9.271106
732,2,3.3022583,7.2469187,9.271106
732,3,5.7873225,7.344039,9.271106
733,1,3.3022583,7.249276,8.588777
733,2,5.7873225,7.2394543,8.588777
733,3,10.38866,7.3277273,8.588777
734,1,5.7873225,7.3083673,3.3022583
734,2,10.38866,7.2928157,3.3022583
734,3,7.93096,7.306273,3.3022583
735,1,10.38866,7.3449326,5.7873225
735,2,7.93096,7.3349085,5.7873225
735,3,8.922913,7.3704357,5.7873225
736,1,7.93096,7.3004713,10.38866
736,2,8.922913,7.3187575,10.38866
736,3,8.249876,7.3882947,10.38866
737,1,8.922913,7.321466,7.93096
737,2,8.249876,7.3278103,7.93096
737,3,8.607802,7.367815,7.93096
738,1,8.249876,7.321514,8.922913
738,2,8.607802,7.31374,8.922913
738,3,8.699145,7.360737,8.922913
739,1,8.607802,7.317137,8.249876
739,2,8.699145,7.2939944,8.249876
739,3,8.128805,7.346193,8.249876
740,1,8.699145,7.2918153,8.607802
740,2,8.128805,7.2612853,8.607802
740,3,6.5350227,7.32748,8.607802
741,1,8.128805,7.2682137,8.699145
741,2,6.5350227,7.2342906,8.699145
741,3,7.727686,7.296263,8.699145
742,1,6.5350227,7.2750573,8.128805
742,2,7.727686,7.2354093,8.128805
742,3,5.5465183,7.256266,8.128805
743,1,7.727686,7.271245,6.5350227
743,2,5.5465183,7.2470384,6.5350227
743,3,8.557458,7.2165847,6.5350227
744,1,5.5465183,7.2541533,7.727686
744,2,8.557458,7.2406826,7.727686
744,3,8.088299,7.2127233,7.727686
745,1,8.557458,7.256087,5.5465183
745,2,8.088299,7.2468967,5.5465183
745,3,2.8784947,7.236124,5.5465183
746,1,8.088299,7.2410636,8.557458
746,2,2.8784947,7.2248363,8.557458
746,3,6.1408277,7.251526,8.557458
747,1,2.8784947,7.242221,8.088299
747,2,6.1408277,7.2198877,8.088299
747,3,5.519285,7.252878,8.088299
748,1,6.1408277,7.2954593,2.8784947
748,2,5.519285,7.271813,2.8784947
748,3,8.274127,7.3066993,2.8784947
749,1,5.519285,7.2952557,6.1408277
749,2,8.274127,7.2912345,6.1408277
749,3,7.545338,7.343605,6.1408277
750,1,8.274127,7.3034096,5.519285
750,2,7.545338,7.3087163,5.519285
750,3,6.015226,7.359286,5.519285
751,1,7.545338,7.270091,8.274127
751,2,6.015226,7.298866,8.274127
751,3,5.995751,7.371786,8.274127
752,1,6.015226,7.3246317,7.545338
752,2,5.995751,7.3452883,7.545338
752,3,6.6559668,7.3844485,7.545338
753,1,5.995751,7.373169,6.015226
753,2,6.6559668,7.370753,6.015226
753,3,7.545895,7.3819003,6.015226
754,1,6.6559668,7.3949018,5.995751
754,2,7.545895,7.3785887,5.995751
754,3,6.916617,7.3899794,5.995751
755,1,7.545895,7.3890996,6.6559668
755,2,6.916617,7.373811,6.6559668
755,3,5.74383,7.3964615,6.6559668
756,1,6.916617,7.373396,7.545895
756,2,5.74383,7.3654003,7.545895
756,3,7.219677,7.3974776,7.545895
757,1,5.74383,7.379331,6.916617
757,2,7.219677,7.368814,6.916617
757,3,8.739174,7.3925867,6.916617
758,1,7.219677,7.4002643,5.74383
758,2,8.739174,7.3798466,5.74383
758,3,9.475964,7.390814,5.74383
759,1,8.739174,7.3823657,7.219677
759,2,9.475964,7.36907,7.219677
759,3,7.6332827,7.3967543,7.219677
760,1,9.475964,7.350952,8.739174
760,2,7.6332827,7.352345,8.739174
760,3,7.578986,7.394531,8.739174
761,1,7.6332827,7.3306446,9.475964
761,2,7.578986,7.3266926,9.475964
761,3,8.541855,7.3781404,9.475964
762,1,7.578986,7.342132,7.6332827
762,2,8.541855,7.322333,7.6332827
762,3,7.082445,7.359073,7.6332827
763,1,8.541855,7.338107,7.578986
763,2,7.082445,7.3084354,7.578986
763,3,7.437269,7.3515487,7.578986
764,1,7.082445,7.3075213,8.541855
764,2,7.437269,7.274239,8.541855
764,3,6.5934124,7.345417,8.541855
765,1,7.437269,7.306976,7.082445
765,2,6.5934124,7.2713366,7.082445
765,3,9.07235,7.332312,7.082445
766,1,6.5934124,7.2926254,7.437269
766,2,9.07235,7.2585464,7.437269
766,3,7.327733,7.333251,7.437269
767,1,9.07235,7.299546,6.5934124
767,2,7.327733,7.2672563,6.5934124
767,3,6.7788963,7.3380604,6.5934124
768,1,7.327733,7.263892,9.07235
768,2,6.7788963,7.238638,9.07235
768,3,6.8160443,7.3375683,9.07235
769,1,6.7788963,7.272342,7.327733
769,2,6.8160443,7.2458105,7.327733
769,3,5.3595657,7.325799,7.327733
770,1,6.8160443,7.2846994,6.7788963
770,2,5.3595657,7.2583704,6.7788963
770,3,6.4857574,7.3264394,6.7788963
771,1,5.3595657,7.2908597,6.8160443
771,2,6.4857574,7.2693915,6.8160443
771,3,6.8073974,7.336001,6.8160443
772,1,6.4857574,7.320091,5.3595657
772,2,6.8073974,7.3094897,5.3595657
772,3,8.903069,7.3560305,5.3595657
773,1,6.8073974,7.323175,6.4857574
773,2,8.903069,7.320512,6.4857574
773,3,5.6125784,7.374952,6.4857574
774,1,8.903069,7.3140664,6.8073974
774,2,5.6125784,7.32255,6.8073974
774,3,10.007537,7.379452,6.8073974
775,1,5.6125784,7.2997847,8.903069
775,2,10.007537,7.316624,8.903069
775,3,8.029179,7.3800535,8.903069
776,1,10.007537,7.373202,5.6125784
776,2,8.029179,7.3686743,5.6125784
776,3,7.8998227,7.3771772,5.6125784
777,1,8.029179,7.3302455,10.007537
777,2,7.8998227,7.3351774,10.007537
777,3,7.778993,7.3843937,10.007537
778,1,7.8998227,7.3404202,8.029179
778,2,7.778993,7.331603,8.029179
778,3,9.1372795,7.3665605,8.029179
779,1,7.778993,7.3390884,7.8998227
779,2,9.1372795,7.318411,7.8998227
779,3,10.179428,7.356991,7.8998227
780,1,9.1372795,7.330894,7.778993
780,2,10.179428,7.302092,7.778993
780,3,7.4408417,7.3506694,7.778993
781,1,10.179428,7.289348,9.1372795
781,2,7.4408417,7.261191,9.1372795
781,3,7.912474,7.340184,9.1372795
782,1,7.4408417,7.256034,10.179428
782,2,7.912474,7.232803,10.179428
782,3,5.031999,7.3064675,10.179428
783,1,7.912474,7.277755,7.4408417
783,2,5.031999,7.2364435,7.4408417
783,3,6.190315,7.245923,7.4408417
784,1,5.031999,7.261666,7.912474
784,2,6.190315,7.2446985,7.912474
784,3,4.8678756,7.1941004,7.912474
785,1,6.190315,7.259869,5.031999
785,2,4.8678756,7.257777,5.031999
785,3,7.8076634,7.1959925,5.031999
786,1,4.8678756,7.2456865,6.190315
786,2,7.8076634,7.2498603,6.190315
786,3,5.1810946,7.2308517,6.190315
787,1,7.8076634,7.2678957,4.8678756
787,2,5.1810946,7.254287,4.8678756
787,3,8.2915745,7.298193,4.8678756
788,1,5.1810946,7.2444344,7.8076634
788,2,8.2915745,7.2485476,7.8076634
788,3,7.936374,7.307555,7.8076634
789,1,8.2915745,7.286072,5.1810946
789,2,7.936374,7.2900367,5.1810946
789,3,8.019962,7.3400183,5.1810946
790,1,7.936374,7.267008,8.2915745
790,2,8.019962,7.2876744,8.2915745
790,3,8.000984,7.3603673,8.2915745
791,1,8.019962,7.2926407,7.936374
791,2,8.000984,7.313775,7.936374
791,3,6.203999,7.3696504,7.936374
792,1,8.000984,7.2950926,8.019962
792,2,6.203999,7.307211,8.019962
792,3,10.008342,7.358547,8.019962
793,1,6.203999,7.332606,8.000984
793,2,10.008342,7.3296623,8.000984
793,3,5.2484584,7.364898,8.000984
794,1,10.008342,7.3661633,6.203999
794,2,5.2484584,7.352776,6.203999
794,3,8.43358,7.365381,6.203999
795,1,5.2484584,7.317161,10.008342
795,2,8.43358,7.3067164,10.008342
795,3,5.691544,7.3690124,10.008342
796,1,8.43358,7.369516,5.2484584
796,2,5.691544,7.349396,5.2484584
796,3,7.4283805,7.357414,5.2484584
797,1,5.691544,7.3380985,8.43358
797,2,7.4283805,7.3221483,8.43358
797,3,6.249888,7.3695407,8.43358
798,1,7.4283805,7.3685794,5.691544
798,2,6.249888,7.3497014,5.691544
798,3,8.370672,7.3680058,5.691544
799,1,6.249888,7.351406,7.4283805
799,2,8.370672,7.3414726,7.4283805
799,3,8.544331,7.3799386,7.4283805
800,1,8.370672,7.368668,6.249888
800,2,8.544331,7.355656,6.249888
800,3,7.659856,7.380812,6.249888
801,1,8.544331,7.3395953,8.370672
801,2,7.659856,7.3416295,8.370672
801,3,9.003755,7.386573,8.370672
802,1,7.659856,7.3316903,8.544331
802,2,9.003755,7.331144,8.544331
802,3,7.2059135,7.3762894,8.544331
803,1,9.003755,7.339938,7.659856
803,2,7.2059135,7.3304214,7.659856
803,3,8.870693,7.3651004,7.659856
804,1,7.2059135,7.316995,9.003755
804,2,8.870693,7.301051,9.003755
804,3,6.863764,7.357701,9.003755
805,1,8.870693,7.321582,7.2059135
805,2,6.863764,7.295225,7.2059135
805,3,9.468852,7.3426523,7.2059135
806,1,6.863764,7.2907586,8.870693
806,2,9.468852,7.26136,8.870693
806,3,7.196269,7.338994,8.870693
807,1,9.468852,7.2996917,6.863764
807,2,7.196269,7.2659025,6.863764
807,3,7.827602,7.3251376,6.863764
808,1,7.196269,7.2554054,9.468852
808,2,7.827602,7.230995,9.468852
808,3,6.2480197,7.3099775,9.468852
809,1,7.827602,7.269064,7.196269
809,2,6.2480197,7.2349887,7.196269
809,3,3.988176,7.2795677,7.196269
810,1,6.2480197,7.266657,7.827602
810,2,3.988176,7.2330647,7.827602
810,3,5.762295,7.2619963,7.827602
811,1,3.988176,7.267597,6.2480197
811,2,5.762295,7.2443943,6.2480197
811,3,6.8414826,7.25546,6.2480197
812,1,5.762295,7.3076005,3.988176
812,2,6.8414826,7.2731333,3.988176
812,3,2.7779746,7.320991,3.988176
813,1,6.8414826,7.3128533,5.762295
813,2,2.7779746,7.2959642,5.762295
813,3,7.1132164,7.3540473,5.762295
814,1,2.7779746,7.2960258,6.8414826
814,2,7.1132164,7.3041434,6.8414826
814,3,8.515377,7.3747425,6.8414826
815,1,7.1132164,7.367251,2.7779746
815,2,8.515377,7.359346,2.7779746
815,3,4.8170753,7.3858786,2.7779746
816,1,8.515377,7.3262186,7.1132164
816,2,4.8170753,7.34249,7.1132164
816,3,1.8883162,7.4019666,7.1132164
817,1,4.8170753,7.3229427,8.515377
817,2,1.8883162,7.3473854,8.515377
817,3,8.191266,7.3988996,8.515377
818,1,1.8883162,7.3918476,4.8170753
818,2,8.191266,7.3850183,4.8170753
818,3,7.4834895,7.388294,4.8170753
819,1,8.191266,7.4394407,1.8883162
819,2,7.4834895,7.4062257,1.8883162
819,3,6.313397,7.4020305,1.8883162
820,1,7.4834895,7.3689466,8.191266
820,2,6.313397,7.365789,8.191266
820,3,8.086132,7.4151177,8.191266
821,1,6.313397,7.3650045,7.4834895
821,2,8.086132,7.366345,7.4834895
821,3,6.2020245,7.4039874,7.4834895
822,1,8.086132,7.3860598,6.313397
822,2,6.2020245,7.376218,6.313397
822,3,7.4938517,7.395891,6.313397
823,1,6.2020245,7.3664722,8.086132
823,2,7.4938517,7.362082,8.086132
823,3,6.697278,7.396116,8.086132
824,1,7.4938517,7.391173,6.2020245
824,2,6.697278,7.374306,6.2020245
824,3,7.332464,7.3883853,6.2020245
825,1,6.697278,7.3773527,7.4938517
825,2,7.332464,7.3638816,7.4938517
825,3,7.7520456,7.3917036,7.4938517
826,1,7.332464,7.3847604,6.697278
826,2,7.7520456,7.367763,6.697278
826,3,7.0474057,7.388792,6.697278
827,1,7.7520456,7.3753867,7.332464
827,2,7.0474057,7.361977,7.332464
827,3,8.570066,7.3900976,7.332464
828,1,7.0474057,7.3633876,7.7520456
828,2,8.570066,7.355295,7.7520456
828,3,6.2976813,7.388171,7.7520456
829,1,8.570066,7.370556,7.0474057
829,2,6.2976813,7.3588824,7.0474057
829,3,7.5818887,7.38334,7.0474057
830,1,6.2976813,7.3474207,8.570066
830,2,7.5818887,7.339392,8.570066
830,3,7.444885,7.3812947,8.570066
831,1,7.5818887,7.372775,6.2976813
831,2,7.444885,7.3578444,6.2976813
831,3,7.2456913,7.37394,6.2976813
832,1,7.444885,7.359922,7.5818887
832,2,7.2456913,7.347782,7.5818887
832,3,7.1886573,7.3793325,7.5818887
833,1,7.2456913,7.3561506,7.444885
833,2,7.1886573,7.344819,7.444885
833,3,8.296631,7.3781834,7.444885
834,1,7.1886573,7.3570123,7.2456913
834,2,8.296631,7.3458686,7.2456913
834,3,7.5208664,7.37719,7.2456913
835,1,8.296631,7.3572,7.1886573
835,2,7.5208664,7.3470335,7.1886573
835,3,7.3645372,7.37742,7.1886573
836,1,7.5208664,7.3406897,8.296631
836,2,7.3645372,7.3322396,8.296631
836,3,5.245131,7.376291,8.296631
837,1,7.3645372,7.3450437,7.5208664
837,2,5.245131,7.332811,7.5208664
837,3,2.4284306,7.3692875,7.5208664
838,1,5.245131,7.3470774,7.3645372
838,2,2.4284306,7.33212,7.3645372
838,3,9.155375,7.367017,7.3645372
839,1,2.4284306,7.3852887,5.245131
839,2,9.155375,7.3614955,5.245131
839,3,7.634377,7.3693995,5.245131
840,1,9.155375,7.4328218,2.4284306
840,2,7.634377,7.391513,2.4284306
840,3,7.604244,7.3824315,2.4284306
841,1,7.634377,7.343465,9.155375
841,2,7.604244,7.347778,9.155375
841,3,7.6579103,7.4068336,9.155375
842,1,7.604244,7.347298,7.634377
842,2,7.6579103,7.356474,7.634377
842,3,6.9678655,7.393473,7.634377
843,1,7.6579103,7.3540316,7.604244
843,2,6.9678655,7.3586936,7.604244
843,3,5.8903284,7.3862967,7.604244
844,1,6.9678655,7.357578,7.6579103
844,2,5.8903284,7.355989,7.6579103
844,3,7.7440133,7.3817286,7.6579103
845,1,5.8903284,7.3697863,6.9678655
845,2,7.7440133,7.35937,6.9678655
845,3,7.4118953,7.3783393,6.9678655
846,1,7.7440133,7.3937945,5.8903284
846,2,7.4118953,7.370754,5.8903284
846,3,7.555456,7.3797483,5.8903284
847,1,7.4118953,7.367489,7.7440133
847,2,7.555456,7.355732,7.7440133
847,3,9.28333,7.388941,7.7440133
848,1,7.555456,7.363213,7.4118953
848,2,9.28333,7.355136,7.4118953
848,3,4.6239176,7.386284,7.4118953
849,1,9.28333,7.3588004,7.555456
849,2,4.6239176,7.352653,7.555456
849,3,5.217397,7.3837924,7.555456
850,1,4.6239176,7.3311086,9.28333
850,2,5.217397,7.324725,9.28333
850,3,5.653433,7.376195,9.28333
851,1,5.217397,7.3940415,4.6239176
851,2,5.653433,7.371951,4.6239176
851,3,4.8429813,7.3650317,4.6239176
852,1,5.653433,7.407768,5.217397
852,2,4.8429813,7.3768578,5.217397
852,3,9.851897,7.3814535,5.217397
853,1,4.8429813,7.3980455,5.653433
853,2,9.851897,7.3737116,5.653433
853,3,7.3499165,7.396038,5.653433
854,1,9.851897,7.402361,4.8429813
854,2,7.3499165,7.3798366,4.8429813
854,3,7.5999994,7.4041724,4.8429813
855,1,7.3499165,7.332223,9.851897
855,2,7.5999994,7.346991,9.851897
855,3,7.9020367,7.4066763,9.851897
856,1,7.5999994,7.3526444,7.3499165
856,2,7.9020367,7.3601785,7.3499165
856,3,6.870278,7.387598,7.3499165
857,1,7.9020367,7.359992,7.5999994
857,2,6.870278,7.358557,7.5999994
857,3,6.5971513,7.382689,7.5999994
858,1,6.870278,7.3571568,7.9020367
858,2,6.5971513,7.3481517,7.9020367
858,3,6.6582537,7.3778677,7.9020367
859,1,6.5971513,7.368437,6.870278
859,2,6.6582537,7.352827,6.870278
859,3,7.404098,7.3740544,6.870278
860,1,6.6582537,7.376641,6.5971513
860,2,7.404098,7.3562202,6.5971513
860,3,7.892755,7.376847,6.5971513
861,1,7.404098,7.3774133,6.6582537
861,2,7.892755,7.357395,6.6582537
861,3,8.428494,7.382369,6.6582537
862,1,7.892755,7.3633337,7.404098
862,2,8.428494,7.3521852,7.404098
862,3,9.650201,7.3868895,7.404098
863,1,8.428494,7.349957,7.892755
863,2,9.650201,7.3464923,7.892755
863,3,8.512423,7.385335,7.892755
864,1,9.650201,7.3392606,8.428494
864,2,8.512423,7.333895,8.428494
864,3,7.4564548,7.377285,8.428494
865,1,8.512423,7.310045,9.650201
865,2,7.4564548,7.301549,9.650201
865,3,6.674536,7.362668,9.650201
866,1,7.4564548,7.298655,8.512423
866,2,6.674536,7.2739286,8.512423
866,3,7.139202,7.339689,8.512423
867,1,6.674536,7.295541,7.4564548
867,2,7.139202,7.26096,7.4564548
867,3,6.724509,7.313954,7.4564548
868,1,7.139202,7.2965837,6.674536
868,2,6.724509,7.257398,6.674536
868,3,8.720788,7.3064437,6.674536
869,1,6.724509,7.286422,7.139202
869,2,8.720788,7.2484503,7.139202
869,3,8.1928625,7.3098845,7.139202
870,1,8.720788,7.2800064,6.724509
870,2,8.1928625,7.2481027,6.724509
870,3,7.2310395,7.310841,6.724509
871,1,8.1928625,7.258773,8.720788
871,2,7.2310395,7.232515,8.720788
871,3,9.278456,7.3310766,8.720788
872,1,7.2310395,7.252751,8.1928625
872,2,9.278456,7.2272935,8.1928625
872,3,7.4482107,7.318967,8.1928625
873,1,9.278456,7.2648797,7.2310395
873,2,7.4482107,7.2375216,7.2310395
873,3,6.9247603,7.309658,7.2310395
874,1,7.4482107,7.2487345,9.278456
874,2,6.9247603,7.2255173,9.278456
874,3,6.008965,7.300299,9.278456
875,1,6.9247603,7.264244,7.4482107
875,2,6.008965,7.229553,7.4482107
875,3,8.731395,7.2722173,7.4482107
876,1,6.008965,7.267303,6.9247603
876,2,8.731395,7.237485,6.9247603
876,3,7.1916347,7.252888,6.9247603
877,1,8.731395,7.2625346,6.008965
877,2,7.1916347,7.245661,6.008965
877,3,6.2064943,7.2567053,6.008965
878,1,7.1916347,7.2420783,8.731395
878,2,6.2064943,7.226145,8.731395
878,3,2.5464215,7.2806435,8.731395
879,1,6.2064943,7.2576838,7.1916347
879,2,2.5464215,7.2344327,7.1916347
879,3,6.038,7.309375,7.1916347
880,1,2.5464215,7.3041844,6.2064943
880,2,6.038,7.290838,6.2064943
880,3,7.670076,7.347125,6.2064943
881,1,6.038,7.4078298,2.5464215
881,2,7.670076,7.375007,2.5464215
881,3,6.810398,7.368544,2.5464215
882,1,7.670076,7.3726106,6.038
882,2,6.810398,7.3589892,6.038
882,3,6.600884,7.4005485,6.038
883,1,6.810398,7.3449016,7.670076
883,2,6.600884,7.352426,7.670076
883,3,7.798979,7.403426,7.670076
884,1,6.600884,7.358381,6.810398
884,2,7.798979,7.3637023,6.810398
884,3,7.1392374,7.395209,6.810398
885,1,7.798979,7.373054,6.600884
885,2,7.1392374,7.370775,6.600884
885,3,8.045753,7.3925433,6.600884
886,1,7.1392374,7.361618,7.798979
886,2,8.045753,7.3623595,7.798979
886,3,6.58025,7.3926682,7.798979
887,1,8.045753,7.372914,7.1392374
887,2,6.58025,7.365844,7.1392374
887,3,7.510103,7.3882484,7.1392374
888,1,6.58025,7.3597374,8.045753
888,2,7.510103,7.3549643,8.045753
888,3,7.2062464,7.3869934,8.045753
889,1,7.510103,7.3793,6.58025
889,2,7.2062464,7.3639317,6.58025
889,3,5.7400565,7.380575,6.58025
890,1,7.2062464,7.3684077,7.510103
890,2,5.7400565,7.3551097,7.510103
890,3,8.952737,7.3839254,7.510103
891,1,5.7400565,7.367569,7.2062464
891,2,8.952737,7.354415,7.2062464
891,3,7.913618,7.3824677,7.2062464
892,1,8.952737,7.393017,5.7400565
892,2,7.913618,7.369835,5.7400565
892,3,9.644738,7.3816066,5.7400565
893,1,7.913618,7.3449707,8.952737
893,2,9.644738,7.3434315,8.952737
893,3,7.1129403,7.3902197,8.952737
894,1,9.644738,7.3468637,7.913618
894,2,7.1129403,7.3411145,7.913618
894,3,8.516443,7.378036,7.913618
895,1,7.1129403,7.316472,9.644738
895,2,8.516443,7.3067937,9.644738
895,3,7.324626,7.3658257,9.644738
896,1,8.516443,7.3338494,7.1129403
896,2,7.324626,7.308742,7.1129403
896,3,5.6932235,7.3474145,7.1129403
897,1,7.324626,7.306188,8.516443
897,2,5.6932235,7.2749653,8.516443
897,3,9.03763,7.342272,8.516443
898,1,5.6932235,7.301081,7.324626
898,2,9.03763,7.266776,7.324626
898,3,8.065159,7.3279886,7.324626
899,1,9.03763,7.322429,5.6932235
899,2,8.065159,7.2866645,5.6932235
899,3,8.502069,7.3358946,5.6932235
900,1,8.065159,7.275671,9.03763
900,2,8.502069,7.2507925,9.03763
900,3,8.267481,7.3460727,9.03763
901,1,8.502069,7.268185,8.065159
901,2,8.267481,7.2432246,8.065159
901,3,6.157347,7.332083,8.065159
902,1,8.267481,7.256053,8.502069
902,2,6.157347,7.2309513,8.502069
902,3,7.839692,7.3146887,8.502069
903,1,6.157347,7.259605,8.267481
903,2,7.839692,7.2286606,8.267481
903,3,9.603972,7.2910438,8.267481
904,1,7.839692,7.2736063,6.157347
904,2,9.603972,7.2442374,6.157347
904,3,6.9513597,7.2750444,6.157347
905,1,9.603972,7.257416,7.839692
905,2,6.9513597,7.235287,7.839692
905,3,7.6083317,7.274563,7.839692
906,1,6.9513597,7.2464004,9.603972
906,2,7.6083317,7.2248673,9.603972
906,3,6.0661073,7.275946,9.603972
907,1,7.6083317,7.2653036,6.9513597
907,2,6.0661073,7.23024,6.9513597
907,3,6.625832,7.2493105,6.9513597
908,1,6.0661073,7.250066,7.6083317
908,2,6.625832,7.2337046,7.6083317
908,3,7.6178946,7.2142463,7.6083317
909,1,6.625832,7.2634864,6.0661073
909,2,7.6178946,7.2448616,6.0661073
909,3,8.581197,7.2574496,6.0661073
910,1,7.6178946,7.2776685,6.625832
910,2,8.581197,7.2510705,6.625832
910,3,5.6186,7.313983,6.625832
911,1,8.581197,7.288242,7.6178946
911,2,5.6186,7.2780023,7.6178946
911,3,7.620988,7.3553257,7.6178946
912,1,5.6186,7.272978,8.581197
912,2,7.620988,7.2696705,8.581197
912,3,6.800361,7.3542194,8.581197
913,1,7.620988,7.3321004,5.6186
913,2,6.800361,7.325711,5.6186
913,3,7.596503,7.356379,5.6186
914,1,6.800361,7.324428,7.620988
914,2,7.596503,7.322528,7.620988
914,3,7.055914,7.3696904,7.620988
915,1,7.596503,7.324144,6.800361
915,2,7.055914,7.323276,6.800361
915,3,6.721467,7.3664923,6.800361
916,1,7.055914,7.343384,7.596503
916,2,6.721467,7.343013,7.596503
916,3,8.530631,7.3796263,7.596503
917,1,6.721467,7.3578324,7.055914
917,2,8.530631,7.3530617,7.055914
917,3,6.397859,7.379913,7.055914
918,1,8.530631,7.372107,6.721467
918,2,6.397859,7.360944,6.721467
918,3,5.448986,7.381897,6.721467
919,1,6.397859,7.3461337,8.530631
919,2,5.448986,7.3438597,8.530631
919,3,8.112663,7.3846197,8.530631
920,1,5.448986,7.371063,6.397859
920,2,8.112663,7.360381,6.397859
920,3,8.122868,7.376848,6.397859
921,1,8.112663,7.3992968,5.448986
921,2,8.122868,7.3753667,5.448986
921,3,7.2550025,7.381118,5.448986
922,1,8.122868,7.3624215,8.112663
922,2,7.2550025,7.3553905,8.112663
922,3,6.1326137,7.393016,8.112663
923,1,7.2550025,7.3493557,8.122868
923,2,6.1326137,7.3496733,8.122868
923,3,7.4710503,7.387291,8.122868
924,1,6.1326137,7.360026,7.2550025
924,2,7.4710503,7.3543663,7.2550025
924,3,7.006788,7.379669,7.2550025
925,1,7.4710503,7.3843713,6.1326137
925,2,7.006788,7.3670373,6.1326137
925,3,7.4258695,7.377985,6.1326137
926,1,7.006788,7.368629,7.4710503
926,2,7.4258695,7.356926,7.4710503
926,3,7.0504017,7.385462,7.4710503
927,1,7.4258695,7.3708115,7.006788
927,2,7.0504017,7.359275,7.006788
927,3,9.457694,7.384863,7.006788
928,1,7.0504017,7.364243,7.4258695
928,2,9.457694,7.3559227,7.4258695
928,3,8.332746,7.3856535,7.4258695
929,1,9.457694,7.3684916,7.0504017
929,2,8.332746,7.35871,7.0504017
929,3,7.5607324,7.3836284,7.0504017
930,1,8.332746,7.3320775,9.457694
930,2,7.5607324,7.3288693,9.457694
930,3,8.350428,7.3802567,9.457694
931,1,7.5607324,7.3307886,8.332746
931,2,8.350428,7.3171296,8.332746
931,3,4.6504455,7.362783,8.332746
932,1,8.350428,7.334041,7.5607324
932,2,4.6504455,7.309334,7.5607324
932,3,10.053903,7.351439,7.5607324
933,1,4.6504455,7.310928,8.350428
933,2,10.053903,7.2806787,8.350428
933,3,6.113235,7.3454022,8.350428
934,1,10.053903,7.35953,4.6504455
934,2,6.113235,7.3278766,4.6504455
934,3,8.486592,7.3435507,4.6504455
935,1,6.113235,7.288541,10.053903
935,2,8.486592,7.2723675,10.053903
935,3,2.2964852,7.3602858,10.053903
936,1,8.486592,7.322915,6.113235
936,2,2.2964852,7.304045,6.113235
936,3,2.0810227,7.348084,6.113235
937,1,2.2964852,7.2949758,8.486592
937,2,2.0810227,7.2804418,8.486592
937,3,8.469112,7.3525615,8.486592
938,1,2.0810227,7.400812,2.2964852
938,2,8.469112,7.370593,2.2964852
938,3,8.176715,7.352442,2.2964852
939,1,8.469112,7.4177794,2.0810227
939,2,8.176715,7.3805223,2.0810227
939,3,7.665383,7.388476,2.0810227
940,1,8.176715,7.3351893,8.469112
940,2,7.665383,7.343784,8.469112
940,3,6.39238,7.411017,8.469112
941,1,7.665383,7.32681,8.176715
941,2,6.39238,7.3476524,8.176715
941,3,4.9713807,7.3979583,8.176715
942,1,6.39238,7.342417,7.665383
942,2,4.9713807,7.3553276,7.665383
942,3,8.335688,7.3868217,7.665383
943,1,4.9713807,7.3745537,6.39238
943,2,8.335688,7.3690696,6.39238
943,3,4.01227,7.3806486,6.39238
944,1,8.335688,7.410029,4.9713807
944,2,4.01227,7.385423,4.9713807
944,3,8.069811,7.384313,4.9713807
945,1,4.01227,7.365327,8.335688
945,2,8.069811,7.359417,8.335688
945,3,7.1652665,7.3971663,8.335688
946,1,8.069811,7.4189367,4.01227
946,2,7.1652665,7.39211,4.01227
946,3,7.5190096,7.389393,4.01227
947,1,7.1652665,7.371416,8.069811
947,2,7.5190096,7.364853,8.069811
947,3,6.956757,7.4028397,8.069811
948,1,7.5190096,7.3733234,7.1652665
948,2,6.956757,7.36788,7.1652665
948,3,9.379546,7.395466,7.1652665
949,1,6.956757,7.36954,7.5190096
949,2,9.379546,7.364296,7.5190096
949,3,7.4919186,7.3917217,7.5190096
950,1,9.379546,7.378291,6.956757
950,2,7.4919186,7.3672295,6.956757
950,3,7.422003,7.3872495,6.956757
951,1,7.4919186,7.341427,9.379546
951,2,7.422003,7.3377185,9.379546
951,3,7.9021616,7.3846865,9.379546
952,1,7.422003,7.3531723,7.4919186
952,2,7.9021616,7.338395,7.4919186
952,3,7.4791546,7.369439,7.4919186
953,1,7.9021616,7.353751,7.422003
953,2,7.4791546,7.3321676,7.422003
953,3,7.918499,7.364779,7.422003
954,1,7.4791546,7.3402452,7.9021616
954,2,7.918499,7.3165526,7.9021616
954,3,6.3217497,7.3625803,7.9021616
955,1,7.918499,7.3355465,7.4791546
955,2,6.3217497,7.3107347,7.4791546
955,3,8.785598,7.358334,7.4791546
956,1,6.3217497,7.3209805,7.918499
956,2,8.785598,7.2965426,7.918499
956,3,7.603829,7.3561373,7.918499
957,1,8.785598,7.3389764,6.3217497
957,2,7.603829,7.314698,6.3217497
957,3,8.349967,7.354963,6.3217497
958,1,7.603829,7.3039,8.785598
958,2,8.349967,7.287323,8.785598
958,3,8.217327,7.360371,8.785598
959,1,8.349967,7.3065176,7.603829
959,2,8.217327,7.288428,7.603829
959,3,8.741891,7.3513174,7.603829
960,1,8.217327,7.2900357,8.349967
960,2,8.741891,7.270421,8.349967
960,3,7.42915,7.345619,8.349967
961,1,8.741891,7.277343,8.217327
961,2,7.42915,7.252864,8.217327
961,3,7.1031747,7.3358784,8.217327
962,1,7.42915,7.257587,8.741891
962,2,7.1031747,7.229756,8.741891
962,3,7.8566256,7.3031373,8.741891
963,1,7.1031747,7.2691565,7.42915
963,2,7.8566256,7.2338834,7.42915
963,3,8.928879,7.279984,7.42915
964,1,7.8566256,7.2695484,7.1031747
964,2,8.928879,7.2391415,7.1031747
964,3,6.0611115,7.263377,7.1031747
965,1,8.928879,7.261031,7.8566256
965,2,6.0611115,7.233628,7.8566256
965,3,6.910621,7.263504,7.8566256
966,1,6.0611115,7.2534633,8.928879
966,2,6.910621,7.227154,8.928879
966,3,6.75893,7.2559676,8.928879
967,1,6.910621,7.2669387,6.0611115
967,2,6.75893,7.241243,6.0611115
967,3,8.7304945,7.2616496,6.0611115
968,1,6.75893,7.2628894,6.910621
968,2,8.7304945,7.2422595,6.910621
968,3,7.4741893,7.2781854,6.910621
969,1,8.7304945,7.269072,6.75893
969,2,7.4741893,7.245795,6.75893
969,3,7.454915,7.308186,6.75893
970,1,7.4741893,7.249781,8.7304945
970,2,7.454915,7.2317715,8.7304945
970,3,7.2317166,7.3258877,8.7304945
971,1,7.454915,7.262957,7.4741893
971,2,7.2317166,7.2463107,7.4741893
971,3,7.4051223,7.323411,7.4741893
972,1,7.2317166,7.2762475,7.454915
972,2,7.4051223,7.2605014,7.454915
972,3,5.825853,7.331495,7.454915
973,1,7.4051223,7.2752614,7.2317166
973,2,5.825853,7.2556896,7.2317166
973,3,0.80636966,7.325336,7.2317166
974,1,5.825853,7.3047953,7.4051223
974,2,0.80636966,7.291864,7.4051223
974,3,6.0051007,7.3522167,7.4051223
